field1|name|ra|dec|cluster_radius|rad_vel|rad_vel_error|num_cluster_stars|distance|log_age|log_age_error|field12
|AH03 J0822-36.4|08 22 08|-36 24.3|0.14|||128|1634|8.915||
|ASCC 1|00 09 39|+62 42.2|0.105|-69.67|4.67|72|1600|8.406||
|ASCC 10|03 27 04|+35 01.8|0.53|||205|700|8.717|0.030|
|ASCC 100|19 01 37|+33 34.5|0.365|-25.57|2.67|92|350|7.95||
|ASCC 101|19 13 25|+36 20.1|0.5|-32.00|2.10|100|363|8.62|0.088|
|ASCC 102|19 24 41|+29 57.6|0.165|||152|1500|8.89|0.016|
|ASCC 103|19 36 18|+35 39.6|0.28|||231|841|8.39||
|ASCC 104|19 38 58|+18 39.9|0.4|-5.65|1.65|617|774|7.71||
|ASCC 105|19 41 34|+27 23.0|0.47|-18.75|5.25|524|494|7.91||
|ASCC 106|19 43 19|+01 37.2|0.52|-62.20|0.20|311|525|8.42||
|ASCC 107|19 48 25|+21 57.5|0.17|-7.00|3.70|87|672|8.045|0.116|
|ASCC 108|19 53 49|+39 24.0|0.14|||91|1039|8.425||
|ASCC 109|19 54 05|+34 32.7|0.34|||326|479|8.125||
|ASCC 11|03 32 17|+44 50.4|0.41|0.73|5.64|407|837|8.345||
|ASCC 110|20 02 56|+33 34.2|0.23|-20.50|10.91|122|852|8.55||
|ASCC 112|20 16 23|+52 05.9|0.23|||67|569|8.15||
|ASCC 113|21 12 02|+38 36.6|0.33|||158|501|7.93||
|ASCC 114|21 40 01|+53 57.9|0.16|-22.00|4.90|105|590|7.75||
|ASCC 115|21 56 40|+51 31.5|0.215|-9.00|5.80|146|750|8.35||
|ASCC 116|21 58 30|+54 29.4|0.14|-30.60|3.70|244|1500|7.95||
|ASCC 117|22 05 24|+62 16.2|0.245|-11.39|0.80|133|1500|6.225||
|ASCC 118|22 08 28|+61 05.7|0.205|-42.00|10.00|238|1033|7.87||
|ASCC 119|22 18 40|+46 53.1|0.21|||95|1200|8.791|0.017|
|ASCC 12|04 49 56|+41 43.1|0.22|||74|600|8.63|0.017|
|ASCC 120|22 30 16|+57 11.7|0.21|-60.80|1.80|206|1500|7.4||
|ASCC 124|22 47 35|+46 18.6|0.31|||158|700|8.195||
|ASCC 126|23 05 49|+51 04.2|0.28|-12.70|1.80|124|900|7.451||
|ASCC 127|23 08 50|+64 50.7|0.675|-8.24|2.65|427|400|7.82||
|ASCC 128|23 21 07|+54 40.2|0.23|||126|900|8.454|0.016|
|ASCC 13|05 13 48|+44 35.7|0.68|-16.95|9.65|1007|800|7.71||
|ASCC 14|05 20 24|+35 10.8|0.175|-16.87||195|1100|8.53||
|ASCC 15|05 22 28|+36 33.9|0.165|||148|1400|8.685|0.098|
|ASCC 16|05 24 09|+01 38.4|0.66|30.00||267|397|7.0||
|ASCC 17|05 25 19|+30 10.9|0.195|-16.00|6.10|170|1850|7.265||
|ASCC 18|05 26 15|+00 54.0|0.44|24.40|10.50|94|313|7.15||
|ASCC 19|05 27 41|-01 57.9|0.52|19.80|3.17|114|314|7.5||
|ASCC 20|05 28 45|+01 38.4|0.725|22.97|4.80|188|394|7.0||
|ASCC 22|06 14 31|+00 39.6|0.205|90.30|3.54|64|771|8.455||
|ASCC 23|06 20 21|+46 40.5|0.375|||96|600|8.485||
|ASCC 25|06 45 32|+24 35.7|0.21|21.50|2.40|120|1989|9.1||
|ASCC 26|06 50 26|+07 15.0|0.16|8.00|7.40|54|981|8.15||
|ASCC 27|06 53 56|-04 23.4|0.24|||193|1159|8.7||
|ASCC 28|06 54 18|-00 09.0|0.27|22.70|1.80|204|946|8.49|0.002|
|ASCC 29|06 54 20|-01 41.4|0.21|13.50|10.00|91|826|8.06||
|ASCC 30|06 57 02|-06 12.9|0.15|||54|814|8.245||
|ASCC 31|07 01 05|+03 31.8|0.17|||59|747|8.4||
|ASCC 32|07 02 06|-26 33.6|0.325|||195|767|8.215||
|ASCC 34|07 10 37|+06 04.8|0.205|||22|477|8.53||
|ASCC 35|07 12 41|+02 06.3|0.235|||49|787|8.48||
|ASCC 36|07 14 30|-21 07.4|0.25|||142|813|8.33||
|ASCC 37|07 18 04|-24 30.0|0.16|13.50||114|1571|8.73|0.059|
|ASCC 38|07 27 00|-05 32.7|0.245|||38|569|8.6||
|ASCC 39|07 33 16|-22 57.0|0.26|||339|1609|8.71||
|ASCC 4|00 53 17|+61 36.0|0.21|-9.24|9.30|118|550|8.65||
|ASCC 41|07 46 59|+00 01.2|0.26|||31|397|8.7||
|ASCC 42|07 52 34|-52 59.7|0.21|||98|792|8.15||
|ASCC 43|07 53 04|-28 10.5|0.21|90.50|2.70|139|1005|8.215||
|ASCC 44|08 01 55|-50 34.8|0.24|17.80|2.80|102|553|7.9||
|ASCC 46|08 16 23|-48 28.2|0.19|||129|899|7.8||
|ASCC 47|08 31 47|-39 03.3|0.28|11.00|7.40|357|780|7.88||
|ASCC 48|08 34 39|-37 37.8|0.17|22.50|0.01|51|550|9.185|0.021|
|ASCC 49|08 47 51|-38 00.0|0.27|||216|629|7.895||
|ASCC 5|00 57 38|+55 51.3|0.19|-43.00|3.70|85|523|7.78||
|ASCC 50|08 50 22|-41 43.2|0.25|17.13|8.67|349|846|7.8||
|ASCC 51|09 18 05|-69 41.4|0.45|||157|496|8.54|0.074|
|ASCC 53|09 38 10|-59 27.6|0.265|||278|1786|8.0||
|ASCC 54|09 44 47|-54 26.1|0.18|||227|1751|8.865||
|ASCC 55|09 54 00|-57 04.6|0.275|||504|970|8.45||
|ASCC 56|10 08 19|-64 22.8|0.32|||317|797|8.635|0.050|
|ASCC 57|10 10 55|-66 42.0|0.215|||257|1483|9.26|0.036|
|ASCC 58|10 15 02|-54 58.2|0.31|8.00|3.70|149|564|7.2||
|ASCC 59|10 20 28|-57 40.5|0.33|||219|509|8.46||
|ASCC 6|01 47 17|+57 40.8|0.19|-20.00|7.40|205|1350|7.8||
|ASCC 60|10 33 09|-58 28.9|0.17|-14.50|7.40|172|1122|8.125||
|ASCC 61|10 46 10|-56 50.4|0.15|||111|1702|7.665|0.001|
|ASCC 64|11 03 04|-60 54.9|0.19|1.40|0.10|163|1700|8.1|0.136|
|ASCC 65|11 10 59|-61 07.5|0.22|-13.40|3.52|184|1934|6.85||
|ASCC 66|11 13 34|-55 26.4|0.2|||175|1032|7.76||
|ASCC 67|11 41 28|-61 00.6|0.22|-18.60|7.60|335|1500|7.67||
|ASCC 68|12 02 51|-60 55.2|0.3|||537|920|8.6||
|ASCC 69|12 06 18|-69 46.8|0.275|2.00|11.00|239|774|7.91||
|ASCC 71|12 20 46|-67 31.8|0.235|-17.90|4.20|228|1209|8.0||
|ASCC 72|12 33 05|-60 55.8|0.18|||140|1229|8.205||
|ASCC 73|12 36 22|-67 15.0|0.245|-15.80|2.00|125|650|8.19||
|ASCC 74|13 35 49|-58 48.6|0.18|||77|550|8.63|0.048|
|ASCC 76|13 52 14|-66 24.3|0.22|-14.00|9.00|174|1025|7.75||
|ASCC 79|15 18 40|-60 37.8|0.51|4.53|2.65|703|871|6.95||
|ASCC 8|02 20 46|+59 41.4|0.24|-12.89||346|1801|7.77||
|ASCC 80|15 24 45|-60 07.7|0.315|-25.00|20.00|688|1281|8.375||
|ASCC 81|15 46 46|-50 59.7|0.16|||270|850|8.75||
|ASCC 82|15 47 02|-64 24.7|0.21|||135|800|8.6||
|ASCC 83|15 50 04|-52 47.4|0.17|||175|619|8.1||
|ASCC 84|15 54 56|-60 44.7|0.2|-5.00|0.01|206|884|7.85||
|ASCC 85|16 47 49|-45 29.4|0.235|7.09||227|806|7.5||
|ASCC 87|17 03 00|-28 27.0|0.3|||381|838|8.55|0.085|
|ASCC 88|17 06 50|-35 34.8|0.54|1.75|1.75|1955|1297|7.0||
|ASCC 90|17 39 07|-34 48.9|0.305|||103|526|8.81||
|ASCC 91|17 48 50|-37 22.2|0.22|||185|858|8.65||
|ASCC 92|17 51 07|-11 52.8|0.23|||233|644|9.08||
|ASCC 93|18 08 10|-22 16.8|0.165|-23.33|6.36|51|1830|6.1||
|ASCC 94|18 15 36|-14 58.5|0.27|-22.85|3.15|249|731|8.84|0.078|
|ASCC 95|18 16 03|-25 42.3|0.235|||49|1213|8.41|0.120|
|ASCC 96|18 20 04|-32 21.6|0.18|-35.00|7.40|138|759|8.4||
|ASCC 97|18 36 54|-19 13.2|0.34|||513|591|7.88||
|ASCC 98|18 42 40|-33 39.0|0.47|-54.00|7.40|501|800|8.045||
|ASCC 99|18 49 07|-18 44.4|0.23|-31.30|0.40|122|679|8.75||
|Alessi 1|00 53 19|+49 28.8|0.425|6.00|1.80|95|750|8.84||
|Alessi 10|20 04 44|-10 29.1|0.225|75.90|2.60|45|513|8.195||
|Alessi 12|20 43 23|+23 47.1|0.475|-26.00|3.70|161|543|7.46||
|Alessi 19|18 19 08|+12 11.7|0.48|-5.10|1.24|269|550|7.9||
|Alessi 2|04 46 16|+55 15.3|0.335|||190|520|8.698|0.033|
|Alessi 20|00 10 40|+58 44.9|0.305|-11.50|0.01|101|470|7.575|0.188|
|Alessi 21|07 10 41|-09 18.0|0.32|38.80|1.80|100|596|7.7||
|Alessi 3|07 16 12|-46 37.0|0.44|20.00|7.40|78|311|8.87||
|Alessi 5|10 43 19|-61 10.2|0.35|8.25|6.69|183|384|7.765||
|Alessi 6|14 40 32|-66 07.2|0.39|9.17|1.16|340|613|8.32||
|Alessi 62|18 55 52|+21 37.1|0.27|||108|546|8.95|0.023|
|Alessi 9|17 45 11|-47 11.1|0.89|-11.60|1.20|359|218|8.55||
|Antalova 1|17 28 57|-31 34.8|0.235|-2.79|29.77|66|930|8.485|0.068|
|Antalova 2|17 29 38|-32 28.8|0.125|||53|1259|6.0||
|Antalova 4|17 32 44|-32 57.3|0.16|||26|1802|6.0||
|Archinal 1|18 54 50|+05 32.4|0.1|||79|1453|8.0||
|Aveni-Hunter 1|23 37 10|+48 33.0|0.4|-54.30|14.76|126|500|8.186|0.173|
|B 35|05 43 41|+09 05.7|0.55|14.20||265|612|8.92||
|BDB 94|00 06 43|+65 37.7|0.085|||26|1700|7.4||
|BDSB 10|18 46 20|-03 47.7|0.08|||26|818|7.6||
|BDSB 106|18 01 35|-24 50.1|0.11|||39|1478|7.15||
|BDSB 111|18 02 05|-21 46.5|0.107|||29|1763|6.6||
|BDSB 16|19 55 00|+27 13.0|0.06|||38|1951|7.55||
|BDSB 21|21 05 21|+49 39.4|0.1|||124|1285|8.9||
|BDSB 24|21 28 53|+54 36.5|0.06|||22|1535|7.2||
|BDSB 3|18 06 20|-21 37.2|0.09|22.42||13|1515|8.255||
|BDSB 30|22 14 41|+61 26.4|0.075|||27|1490|6.55||
|BDSB 31|21 41 56|+66 05.1|0.05|||7|1300|7.4||
|BDSB 47|23 53 03|+60 28.2|0.05|||12|1800|8.94|0.049|
|BDSB 73|05 41 33|+35 51.7|0.185|-13.41||115|1110|8.875||
|BDSB 74|05 38 45|+30 43.4|0.1|||44|1715|8.45||
|BDSB 82|06 14 59|+12 20.3|0.11|||61|1934|7.915|0.151|
|BDSB 88|06 54 34|-04 31.8|0.085|||42|1791|7.4||
|BDSB 91|06 25 17|-10 33.3|0.15|||47|1918|6.65||
|Barkhatova 1|20 53 44|+46 01.5|0.17|-9.00||185|912|8.72||
|Barkhatova 2|21 43 40|+51 04.2|0.095|||78|1100|8.632||
|Basel 1|18 48 09|-05 51.9|0.1|||47|1604|8.135|0.042|
|Basel 11A|07 17 07|-13 58.9|0.21|||187|1537|7.42||
|Basel 11B|05 58 15|+21 59.4|0.18|||293|1318|8.98|0.015|
|Basel 13|21 12 36|+46 31.8|0.145|||209|1313|8.96|0.032|
|Basel 14|21 21 02|+44 49.5|0.11|||81|1802|8.805||
|Basel 15|21 15 55|+48 51.2|0.115|||37|701|8.6||
|Basel 17|11 10 32|-59 02.0|0.125|||70|1697|7.975|0.031|
|Basel 20|09 30 59|-56 25.8|0.14|||171|1380|7.5||
|Basel 5|17 52 30|-30 06.3|0.2|||16|995|8.85||
|Basel 7|06 36 18|+08 19.8|0.095|||59|1560|8.105||
|Basel 8|06 34 12|+08 00.6|0.17|11.00|7.40|175|1432|7.925|0.099|
|Berkeley 103|23 45 16|+59 18.0|0.115|||87|1800|8.7||
|Berkeley 11|04 20 28|+44 54.9|0.165|||188|1964|8.7||
|Berkeley 15|05 02 07|+44 30.7|0.135|||153|1300|9.4||
|Berkeley 17|05 20 37|+30 35.4|0.22|-84.00|3.17|243|1800|9.6||
|Berkeley 28|06 52 08|+02 54.6|0.12|||85|1964|7.535||
|Berkeley 43|19 15 31|+11 15.9|0.18|||293|1355|8.785||
|Berkeley 44|19 17 14|+19 32.6|0.195|||477|1978|9.15||
|Berkeley 47|19 28 28|+17 21.6|0.147|||163|1462|7.97|0.007|
|Berkeley 50|20 10 05|+34 58.2|0.21|||508|1952|8.375|0.084|
|Berkeley 55|21 17 00|+51 45.9|0.1|||66|1700|8.57|0.036|
|Berkeley 59|00 02 14|+67 25.5|0.22|-12.50|7.08|89|1000|6.1||
|Berkeley 68|04 44 28|+42 06.0|0.165|||160|1800|9.11||
|Berkeley 80|18 54 20|-01 13.0|0.12|||101|1791|8.35||
|Berkeley 82|19 11 20|+13 05.8|0.14|-2.76|0.58|208|1125|8.06||
|Berkeley 85|20 18 45|+37 43.8|0.245|||621|1760|9.065|0.019|
|Berkeley 86|20 20 12|+38 41.4|0.115|-19.30|7.80|74|1653|6.8||
|Berkeley 87|20 21 38|+37 24.3|0.18|-8.65|1.88|162|1239|7.1||
|Berkeley 9|03 32 39|+52 39.0|0.13|||185|1550|9.3|0.041|
|Berkeley 95|22 28 17|+59 08.4|0.12|||124|1800|8.55||
|Berkeley 97|22 39 24|+59 01.0|0.065|||49|1800|7.55||
|Bica 3|18 26 04|-13 03.0|0.1|||18|1614|7.2||
|Bica 5|11 41 35|-62 25.5|0.105|||91|1687|8.88||
|Bica 6|05 06 20|+39 09.9|0.14|57.10|1.20|103|1150|9.19|0.027|
|Biurakan 1|20 07 35|+35 42.8|0.205|-7.97|2.45|209|1580|7.035|0.001|
|Biurakan 2|20 09 16|+35 28.8|0.185|-22.00|9.47|140|1142|7.23|0.111|
|Blanco 1|00 03 32|-30 00.0|2.35|5.48|2.04|266|250|7.75||
|Bochum 13|17 17 19|-35 33.0|0.155|-2.50|1.50|165|1340|7.25||
|Bochum 4|07 31 37|-17 11.4|0.19|16.00|3.70|95|870|8.41|0.008|
|Bochum 5|07 31 05|-16 54.9|0.085|38.55|3.39|22|1775|7.4||
|Bochum 9|10 35 42|-60 07.8|0.17|||96|940|8.09||
|C1331-622|13 34 37|-62 25.0|0.12|||116|1078|9.25||
|CBJC 4|20 56 18|+44 23.4|0.115|||95|1293|7.7||
|Carraro 1|10 36 56|-58 45.0|0.085|-8.50||29|1789|9.1||
|Chamaleon I|11 03 36|-77 20.4|0.36|||75|380|6.0||
|Collinder 106|06 37 14|+06 04.2|0.51|28.72|4.99|304|1581|6.415||
|Collinder 107|06 38 30|+04 38.1|0.18|21.55|5.77|104|1447|7.165|0.016|
|Collinder 111|06 38 50|+06 54.9|0.115|32.00||86|1191|7.7||
|Collinder 132|07 13 26|-30 58.5|0.31|28.00|3.70|49|330|7.51||
|Collinder 135|07 17 56|-37 02.1|0.52|15.35|2.20|217|361|7.6||
|Collinder 140|07 24 07|-31 53.4|0.49|22.93|0.83|112|386|7.7||
|Collinder 185|08 23 20|-36 19.8|0.13|||94|1477|8.18||
|Collinder 196|08 45 02|-31 37.5|0.18|||111|1393|9.26||
|Collinder 205|09 00 32|-48 59.4|0.14|20.00|5.58|131|1458|7.03||
|Collinder 21|01 50 10|+27 06.9|0.36|||62|1400|9.393|0.099|
|Collinder 213|09 54 43|-50 55.5|0.16|||193|1464|8.87|0.052|
|Collinder 220|10 25 52|-57 54.9|0.14|-13.00|0.20|175|1465|8.57||
|Collinder 223|10 30 34|-59 51.3|0.115|8.46|3.59|89|1376|8.2||
|Collinder 236|10 57 22|-61 07.2|0.2|12.76|9.67|66|823|8.45||
|Collinder 268|13 18 16|-67 04.5|0.115|-27.18|0.30|64|1811|8.79||
|Collinder 269|13 23 51|-66 09.6|0.21|||129|1870|8.55||
|Collinder 275|13 34 32|-60 12.8|0.125|||110|1952|8.6||
|Collinder 292|15 50 02|-57 38.3|0.17|||141|1106|8.7|0.062|
|Collinder 333|17 31 37|-34 00.6|0.13|||19|1051|8.15||
|Collinder 338|17 38 12|-37 42.0|0.275|||297|698|8.05||
|Collinder 350|17 48 13|+01 21.6|0.55|-14.38|0.20|189|302|8.71|0.015|
|Collinder 351|17 49 02|-28 44.7|0.17|||50|1700|9.0||
|Collinder 359|18 00 29|+02 52.5|0.8|-4.57|0.19|463|640|7.45||
|Collinder 394|18 52 19|-20 12.0|0.3|-1.85|6.45|233|668|7.86||
|Collinder 419|20 18 07|+40 43.5|0.2|-8.30|0.10|187|871|7.1||
|Collinder 421|20 23 09|+41 41.7|0.21|||133|758|9.08|0.030|
|Collinder 463|01 49 12|+71 46.8|0.51|-7.19|0.28|567|800|8.45|0.066|
|Collinder 466|07 06 56|-10 43.2|0.095|||32|1037|8.405||
|Collinder 469|18 16 30|-18 18.0|0.135|||60|1277|8.0||
|Collinder 62|05 22 18|+41 01.5|0.235|||309|1472|8.905|0.037|
|Collinder 65|05 26 06|+15 40.2|1.5|21.84|1.17|1426|325|8.065||
|Collinder 69|05 35 20|+09 49.8|0.535|31.38|1.42|192|411|6.76||
|Collinder 89|06 19 12|+23 21.0|0.26|26.23|7.64|260|1021|7.825||
|Collinder 91|06 21 50|+02 22.4|0.255|-11.84||271|1467|8.64|0.036|
|Collinder 96|06 30 31|+02 50.7|0.11|12.00|7.40|31|1056|7.8||
|Collinder 97|06 31 41|+05 58.5|0.155|17.88|3.91|136|1259|8.4||
|Czernik 18|04 27 50|+30 56.7|0.14|||90|1263|8.68||
|Czernik 25|06 13 42|+06 57.2|0.205|||258|1861|8.52|0.044|
|Czernik 3|01 03 09|+62 47.2|0.08|||39|1600|8.8||
|Czernik 37|17 53 17|-27 21.9|0.125|||37|1668|8.77||
|Czernik 38|18 49 47|+04 57.6|0.165|||334|1763|7.3||
|Czernik 39|19 07 32|+04 20.0|0.11|||106|1143|7.8||
|Czernik 4|01 35 37|+61 27.8|0.07|-11.40|0.25|24|1632|7.715||
|Czernik 41|19 51 00|+25 16.2|0.075|||93|1540|8.47||
|Czernik 44|23 33 35|+61 56.3|0.1|||86|1536|7.5||
|Czernik 6|02 01 55|+62 51.0|0.115|||77|1391|7.98||
|Czernik 8|02 33 01|+58 46.1|0.09|||87|1410|8.175||
|Czernik 9|02 33 32|+59 52.5|0.09|||71|1900|8.75||
|DB2001 15|20 35 23|+42 22.1|0.12|||14|1728|6.6||
|DB2001 16|20 38 31|+42 06.3|0.09|-4.44||24|1413|6.9||
|DB2001 18|20 41 21|+41 58.8|0.095|||31|1190|8.9||
|DB2001 20|20 38 37|+42 39.4|0.08|||18|1818|7.5||
|DB2001 22|20 42 36|+42 56.8|0.085|||44|1891|7.235||
|DBSB 108|17 11 19|-45 54.0|0.06|||21|1620|7.6||
|DBSB 139|15 10 01|-58 25.6|0.062|-65.81||49|1950|7.5||
|DBSB 140|15 10 03|-58 17.2|0.075|-9.74||62|1535|7.3||
|DBSB 163|16 18 43|-50 19.0|0.08|||95|1258|8.32||
|DBSB 174|16 48 11|-45 21.0|0.05|-57.88||26|1710|7.4||
|DBSB 34|09 03 11|-47 49.0|0.065|||16|1736|8.15||
|DBSB 35|09 15 10|-47 27.9|0.12|||35|1678|6.8||
|DBSB 36|09 16 48|-47 56.7|0.13|21.05||18|748|7.5||
|DBSB 39|09 24 25|-53 08.2|0.06|||36|1864|7.4||
|DBSB 40|10 01 19|-57 42.3|0.06|-15.53||10|1358|7.985||
|DBSB 43|10 03 54|-59 17.7|0.085|||41|1940|6.0||
|DBSB 68|11 28 52|-63 06.3|0.07|||29|1777|8.525||
|DBSB 70|11 48 32|-62 17.1|0.08|||42|1274|7.7||
|DBSB 79|12 48 47|-63 43.7|0.085|||62|1489|8.4||
|DBSB 87|13 32 51|-60 27.3|0.075|||42|1791|8.0||
|DBSB 88|14 19 37|-65 25.9|0.085|||20|1366|7.85||
|DBSB 92|15 03 36|-57 40.8|0.1|||87|1963|7.4||
|Danks 1|13 12 31|-62 42.5|0.05|||20|1873|6.0||
|Dias 5|18 17 38|-19 39.6|0.135|-5.25|2.25|35|1289|8.1||
|Dias 6|18 30 32|-12 18.3|0.155|||144|1916|8.6||
|Dol-Dzim 2|05 23 53|+11 29.4|0.16|||64|1371|9.025|0.071|
|Dol-Dzim 4|05 35 50|+25 57.0|0.155|||103|1658|8.455|0.083|
|Dol-Dzim 6|16 45 31|+38 21.6|0.28|-46.10|25.27|25|946|9.45||
|Dolidze 1|20 09 42|+36 29.9|0.1|4.00|3.70|70|1445|7.6||
|Dolidze 11|20 26 28|+41 25.8|0.1|-14.00||60|1813|7.35||
|Dolidze 16|05 14 36|+32 39.6|0.15|||75|868|7.6||
|Dolidze 17|05 22 32|+07 09.6|0.145|||44|1031|9.18|0.023|
|Dolidze 19|05 23 43|+08 09.6|0.125|||34|1710|8.59|0.074|
|Dolidze 20|05 27 45|+33 47.1|0.125|||31|797|7.4||
|Dolidze 22|06 23 14|+04 35.4|0.16|||122|1775|8.37||
|Dolidze 23|06 42 38|+00 06.0|0.21|||189|1195|8.65||
|Dolidze 24|06 44 44|+01 44.1|0.14|||91|1261|8.45||
|Dolidze 28|18 25 29|-14 39.0|0.15|0.60||114|1258|8.25||
|Dolidze 29|18 31 24|-06 38.0|0.23|||225|1460|7.5||
|Dolidze 3|20 15 25|+36 48.9|0.16|||246|1032|8.29|0.020|
|Dolidze 30|18 32 53|-06 02.1|0.1|||40|1569|8.95||
|Dolidze 32|18 41 13|-04 02.1|0.17|14.00||54|1381|6.0||
|Dolidze 33|18 41 14|-04 22.4|0.14|||97|1930|7.3||
|Dolidze 34|18 41 54|-04 16.0|0.075|7.00||37|1422|7.95||
|Dolidze 35|19 25 25|+11 38.1|0.105|||111|1317|8.3||
|Dolidze 36|20 02 28|+42 09.9|0.11|77.00|14.10|51|970|8.92||
|Dolidze 37|20 02 51|+37 39.0|0.19|||90|1400|7.585||
|Dolidze 38|20 05 53|+41 11.7|0.205|||242|1532|9.165|0.001|
|Dolidze 39|20 16 12|+37 52.8|0.165|||193|1916|9.05||
|Dolidze 42|20 19 37|+38 08.5|0.105|||111|1239|7.525||
|Dolidze 44|20 29 47|+41 38.1|0.2|||105|1499|8.155||
|Dolidze 46|23 22 03|+55 44.7|0.11|||71|1450|8.412||
|Dolidze 5|20 20 09|+39 19.2|0.13|-35.00||163|969|8.1||
|Dolidze 50|16 05 37|-20 29.1|0.125|||29|1546|9.4||
|Dolidze 51|18 10 24|-17 44.5|0.105|||26|1423|8.2||
|Dolidze 52|18 23 55|-16 38.4|0.13|||48|1318|7.3||
|Dolidze 53|19 46 18|+24 37.9|0.125|2.80|1.28|123|1392|7.335||
|Dolidze 55|21 09 50|+40 36.6|0.115|||73|1584|8.85||
|Dolidze 8|20 24 31|+42 16.2|0.105|||26|1078|8.855|0.035|
|Dolidze 9|20 25 41|+41 57.2|0.13|||64|1063|8.0||
|Dutra-Bica 13|17 55 20|-29 23.3|0.095|||25|1698|6.9||
|Dutra-Bica 33|17 45 29|-26 41.8|0.09|||46|998|6.75||
|Dutra-Bica 45|17 47 18|-24 53.6|0.09|||53|1192|9.1||
|Dutra-Bica 51|17 49 28|-31 15.0|0.055|||12|1346|6.0||
|Dutra-Bica 58|17 45 04|-28 50.9|0.09|-15.46||11|1182|6.0||
|Dutra-Bica 83|05 52 05|+27 22.7|0.12|||76|1863|8.78|0.059|
|ESO 008-06|14 56 55|-83 26.7|0.185|||78|1380|9.3||
|ESO 043-13|17 04 44|-74 21.0|0.14|||73|1490|9.315|0.044|
|ESO 062-08|10 21 40|-69 20.9|0.1|||27|1983|9.44|0.002|
|ESO 064-05|12 24 43|-68 29.1|0.16|||110|1239|7.885||
|ESO 099-06|15 29 48|-64 51.0|0.105|||57|1274|8.9||
|ESO 123-26|07 52 12|-60 20.4|0.2|||92|816|8.53||
|ESO 128-16|10 53 40|-58 14.7|0.16|||91|973|8.84|0.027|
|ESO 129-19|11 21 09|-58 12.9|0.107|||42|1791|9.0||
|ESO 129-32|11 44 11|-61 03.5|0.1|||57|1560|8.6||
|ESO 130-06|12 07 52|-59 18.0|0.19|-0.96|5.75|199|1198|7.3||
|ESO 130-08|12 10 19|-59 31.2|0.2|-38.74|7.92|231|800|9.01|0.032|
|ESO 130-13|12 23 04|-59 39.9|0.205|||295|1509|8.445||
|ESO 132-14|13 36 32|-62 11.4|0.1|||89|1093|9.15||
|ESO 137-23|16 24 31|-61 44.0|0.13|||85|1561|9.55||
|ESO 137-43|16 48 25|-61 45.0|0.09|||50|1659|8.9||
|ESO 139-13|17 37 50|-58 08.7|0.15|-33.87|0.66|102|1500|8.78||
|ESO 139-54|18 04 37|-58 31.5|0.115|||43|985|8.99||
|ESO 165-09|09 05 24|-55 56.3|0.16|||55|656|8.915||
|ESO 166-04|09 10 30|-53 53.4|0.143|||90|978|8.26||
|ESO 175-06|14 18 47|-56 53.4|0.195|-27.90||126|586|8.6||
|ESO 226-06|16 24 16|-51 09.3|0.08|||73|1220|8.475||
|ESO 245-09|01 53 43|-45 55.2|0.37|||51|1380|9.055|0.071|
|ESO 258-01|07 45 38|-46 42.6|0.105|||24|1031|8.705||
|ESO 260-06|08 46 17|-47 41.1|0.115|||53|1211|8.1||
|ESO 260-07|08 48 00|-47 01.8|0.125|||91|1876|9.375||
|ESO 260-17|09 04 45|-46 02.1|0.115|||80|1808|8.99|0.066|
|ESO 261-03|09 11 19|-47 03.6|0.145|||191|1063|8.615|0.075|
|ESO 277-04|16 40 24|-43 44.4|0.075|||43|1790|8.72||
|ESO 282-26|19 13 44|-42 37.8|0.195|||136|1509|9.235||
|ESO 311-14|07 49 24|-42 41.1|0.14|||70|1278|7.74||
|ESO 312-04|08 26 46|-41 14.3|0.075|||41|1963|8.3||
|ESO 313-12|08 43 51|-40 13.5|0.12|||117|1401|8.5||
|ESO 314-14|09 19 31|-38 07.9|0.115|||46|1870|8.65||
|ESO 329-02|15 27 32|-41 03.0|0.095|||45|1546|9.3||
|ESO 332-20|17 04 55|-38 19.0|0.11|||73|1695|8.05||
|ESO 332-22|17 07 25|-40 49.0|0.18|||177|1422|7.995|0.174|
|ESO 337-23|19 19 18|-37 37.2|0.1|||20|1995|9.2||
|ESO 368-11|07 44 24|-34 37.6|0.165|||179|1245|8.945||
|ESO 368-14|07 47 07|-32 58.4|0.095|||49|1268|8.65||
|ESO 392-13|17 26 52|-34 41.0|0.125|||35|816|7.95||
|ESO 425-06|06 04 52|-29 11.1|0.115|||16|1077|9.4||
|ESO 425-15|06 14 40|-29 22.8|0.105|||17|1070|9.005||
|ESO 426-26|06 36 18|-30 51.9|0.155|||54|1474|9.215||
|ESO 427-32|07 06 20|-30 09.6|0.145|||58|1786|9.105|0.056|
|ESO 429-13|07 41 08|-30 43.2|0.13|||56|1606|9.02|0.036|
|ESO 430-18|08 07 03|-30 50.1|0.29|||91|871|8.875|0.036|
|ESO 432-03|08 42 59|-27 51.9|0.12|||54|1831|9.2||
|ESO 435-33|10 03 54|-32 03.0|0.07|||10|1182|9.05||
|ESO 435-48|10 09 32|-28 21.5|0.155|||24|1819|8.7||
|ESO 436-02|10 13 57|-29 10.1|0.155|||30|1370|9.1||
|ESO 442-04|12 34 05|-29 24.0|0.28|||48|1585|9.6||
|ESO 447-29|14 37 21|-29 23.7|0.15|||27|1634|9.5||
|ESO 456-05|17 53 02|-29 52.4|0.07|||31|1828|9.0|0.015|
|ESO 456-72|18 12 29|-29 34.0|0.09|||65|1211|9.49|0.043|
|ESO 464-09|20 59 37|-29 23.7|0.09|||10|1031|9.6||
|ESO 489-01|06 05 01|-26 44.0|0.155|||24|981|8.85|0.039|
|ESO 493-03|07 39 41|-27 17.7|0.135|||105|1400|8.385||
|ESO 494-09|07 59 16|-27 35.0|0.13|||80|1905|8.735||
|ESO 502-19|11 08 07|-26 43.0|0.18|||20|1338|9.21||
|ESO 518-03|16 47 06|-25 48.3|0.23|||239|1266|9.17||
|ESO 521-38|18 09 22|-24 31.8|0.09|||7|1490|8.395|0.001|
|ESO 522-05|18 12 47|-24 21.0|0.095|||147|1657|9.5||
|ESO 559-13|07 28 43|-20 48.6|0.125|||57|1905|8.905|0.034|
|ESO 561-05|07 59 19|-22 41.4|0.145|||60|1865|9.0||
|ESO 570-12|11 12 11|-21 20.4|0.25|||20|1268|9.7||
|FSR 0014|16 55 44|-15 59.7|0.14|||41|834|9.1||
|FSR 0031|18 06 29|-21 22.8|0.14|||39|1468|8.55||
|FSR 0034|18 58 44|-26 47.6|0.125|||49|1875|7.5||
|FSR 0050|17 39 52|-09 06.6|0.115|||55|1764|9.5||
|FSR 0052|18 32 05|-15 41.2|0.1|2.00||56|1173|7.5||
|FSR 0059|18 29 04|-11 58.0|0.125|||53|1550|8.4||
|FSR 0060|18 30 11|-11 30.0|0.145|||50|1257|8.305|0.116|
|FSR 0069|18 45 23|-10 27.6|0.13|||58|1848|6.8||
|FSR 0070|19 29 59|-15 10.2|0.14|||97|1537|9.565|0.070|
|FSR 0072|18 35 15|-07 09.6|0.14|||64|1668|8.7||
|FSR 0085|19 47 13|-11 51.3|0.115|||51|1338|9.375||
|FSR 0087|18 45 56|-03 36.4|0.145|||97|1174|8.25||
|FSR 0089|18 48 44|-03 31.1|0.125|||85|1516|8.3||
|FSR 0090|18 50 18|-03 34.6|0.085|||54|1388|8.695||
|FSR 0091|17 38 21|+05 43.3|0.11|||26|1660|9.45||
|FSR 0101|18 49 14|+02 46.0|0.2|||135|1657|6.9||
|FSR 0106|17 51 16|+11 09.7|0.14|||28|1596|7.95||
|FSR 0110|19 25 47|+02 00.3|0.125|||80|1361|9.225||
|FSR 0112|20 08 26|-03 32.6|0.13|||48|1221|9.345||
|FSR 0117|18 02 20|+16 46.4|0.12|||36|1724|9.32||
|FSR 0120|18 23 04|+15 51.0|0.15|||108|1786|9.23||
|FSR 0121|18 16 18|+17 27.0|0.115|||56|1523|9.45||
|FSR 0128|20 31 01|+04 43.2|0.108|||31|1504|9.4||
|FSR 0129|19 26 58|+13 58.5|0.1|||129|1305|8.48||
|FSR 0131|19 30 43|+15 25.7|0.11|||58|1303|6.7||
|FSR 0145|18 18 21|+29 06.6|0.305|||126|1607|9.185|0.080|
|FSR 0148|19 37 28|+21 18.9|0.14|||79|941|6.0||
|FSR 0162|20 01 34|+25 12.9|0.083|||75|1721|8.95||
|FSR 0166|20 13 36|+25 27.3|0.12|||163|1904|9.045||
|FSR 0167|20 04 52|+27 05.6|0.11|||178|1993|8.2||
|FSR 0172|20 00 02|+29 13.3|0.08|||84|1689|9.125||
|FSR 0174|20 11 59|+28 18.6|0.115|||42|831|7.5||
|FSR 0209|19 21 04|+43 58.5|0.113|||24|1584|8.265||
|FSR 0210|20 26 33|+37 16.0|0.09|||49|1087|8.8||
|FSR 0213|20 26 59|+38 58.3|0.12|||82|1434|8.715|0.065|
|FSR 0219|20 15 04|+41 11.1|0.125|||73|884|6.5||
|FSR 0222|20 20 08|+40 50.0|0.115|-2.00|3.70|80|1238|7.2||
|FSR 0224|20 25 23|+40 13.6|0.125|||40|1427|9.005|0.062|
|FSR 0225|20 42 52|+37 51.3|0.145|||76|1150|8.865||
|FSR 0227|20 28 59|+40 29.8|0.1|||57|1297|8.515||
|FSR 0232|20 18 19|+42 37.5|0.115|||139|1546|8.15||
|FSR 0236|20 32 37|+41 26.4|0.18|||303|901|8.2||
|FSR 0237|20 45 27|+39 34.8|0.145|||73|1656|8.1||
|FSR 0241|20 02 55|+46 11.7|0.1|||36|1037|9.1||
|FSR 0245|20 38 06|+42 13.5|0.09|||21|1186|8.58||
|FSR 0249|20 38 29|+42 29.6|0.155|||38|1790|6.1||
|FSR 0251|20 40 25|+42 57.0|0.12|||117|857|8.7||
|FSR 0253|21 03 31|+39 58.8|0.165|-11.90||249|1414|8.275||
|FSR 0254|20 18 59|+46 18.6|0.19|-9.10||100|1073|7.265||
|FSR 0255|20 35 50|+44 17.4|0.115|||98|1233|7.9||
|FSR 0258|20 44 47|+43 53.3|0.1|||107|1238|8.3||
|FSR 0260|20 33 43|+45 37.0|0.1|||63|1318|8.93|0.038|
|FSR 0261|20 53 47|+43 06.9|0.18|||199|852|8.275||
|FSR 0265|21 12 49|+42 00.0|0.155|||174|1476|9.0||
|FSR 0266|21 54 04|+33 35.0|0.12|||49|1513|9.245|0.102|
|FSR 0270|21 04 11|+44 20.7|0.095|||115|1758|8.255||
|FSR 0271|21 18 40|+41 55.2|0.155|||114|1599|8.9||
|FSR 0279|22 01 26|+35 14.4|0.13|||47|1819|8.665|0.322|
|FSR 0284|20 56 30|+49 22.0|0.115|||121|1887|8.775||
|FSR 0288|21 08 10|+49 00.6|0.1|||129|1734|8.47||
|FSR 0290|20 58 57|+50 45.9|0.127|||88|1201|8.92|0.048|
|FSR 0295|21 22 39|+49 51.4|0.125|||157|1230|8.8||
|FSR 0304|21 24 38|+51 19.3|0.125|-1.50||189|1423|8.785|0.101|
|FSR 0307|21 34 06|+50 45.8|0.075|||49|1500|9.15|0.055|
|FSR 0314|21 27 52|+53 44.5|0.14|||221|1710|8.14||
|FSR 0316|21 40 55|+52 18.6|0.135|||224|1940|8.915|0.023|
|FSR 0317|21 32 37|+53 45.3|0.095|||118|1934|8.8||
|FSR 0319|21 46 34|+51 25.1|0.13|||149|1680|8.6||
|FSR 0322|21 50 20|+51 12.3|0.1|||113|1867|9.25||
|FSR 0325|21 50 38|+51 22.8|0.14|||210|1800|8.45||
|FSR 0330|22 34 12|+43 20.4|0.187|||113|1900|9.135||
|FSR 0336|21 50 54|+55 12.9|0.155|||377|1116|9.1||
|FSR 0342|22 07 53|+53 07.0|0.13|||117|1942|8.275||
|FSR 0351|21 50 42|+60 38.4|0.14|||145|1239|9.125||
|FSR 0354|22 11 10|+57 39.6|0.12|||84|1169|8.0||
|FSR 0368|21 10 48|+68 32.7|0.135|||31|1513|8.38||
|FSR 0385|22 42 31|+58 55.2|0.075|||40|1726|8.85||
|FSR 0386|21 36 41|+69 16.0|0.08|||16|1135|7.94||
|FSR 0388|22 23 31|+63 26.7|0.215|||82|1050|8.13||
|FSR 0389|21 35 33|+69 49.2|0.11|||20|1988|8.9||
|FSR 0398|22 36 14|+64 08.0|0.225|||294|1200|7.7||
|FSR 0413|23 00 50|+62 53.3|0.065|||22|1800|8.25||
|FSR 0414|23 01 44|+62 59.0|0.075|-23.00||35|957|8.725||
|FSR 0416|23 02 06|+63 03.9|0.11|||42|700|7.85||
|FSR 0422|23 15 13|+60 48.6|0.075|||44|1200|8.664|0.027|
|FSR 0427|23 29 27|+56 56.7|0.115|||113|1633|8.6||
|FSR 0430|23 15 26|+64 09.3|0.135|||84|871|8.88||
|FSR 0435|23 31 14|+59 46.5|0.14|||134|805|8.35||
|FSR 0437|22 04 05|+76 22.6|0.17|||50|1731|8.225||
|FSR 0441|23 42 01|+58 32.7|0.1|||65|1998|8.65||
|FSR 0442|23 30 00|+63 26.1|0.18|||205|1252|9.0||
|FSR 0443|23 43 35|+59 04.8|0.12|||80|1821|8.8|0.020|
|FSR 0451|23 51 23|+60 50.0|0.09|||109|1732|8.7||
|FSR 0477|00 22 59|+51 53.0|0.12|||52|1908|9.04||
|FSR 0486|00 20 25|+59 19.9|0.06|||27|1850|8.9||
|FSR 0496|00 26 42|+64 01.8|0.17|||235|1123|9.055|0.049|
|FSR 0498|00 29 06|+62 24.5|0.095|||64|1800|8.55||
|FSR 0516|00 50 33|+65 57.9|0.17|||65|810|8.83|0.052|
|FSR 0519|00 52 29|+64 40.0|0.14|||95|1517|7.35||
|FSR 0524|00 57 17|+62 07.5|0.11|||101|1841|9.19||
|FSR 0534|01 17 26|+61 18.0|0.1|||74|1800|8.7||
|FSR 0542|01 25 48|+62 59.1|0.14|||138|1934|8.35||
|FSR 0544|01 19 50|+52 40.0|0.165|||113|1799|8.906|0.020|
|FSR 0560|01 27 59|+44 09.3|0.15|||43|1907|8.355||
|FSR 0561|02 05 54|+67 44.7|0.135|||38|1466|8.24|0.070|
|FSR 0581|02 56 06|+68 49.5|0.14|||55|930|8.4||
|FSR 0596|02 29 44|+58 06.0|0.135|-52.00|6.80|132|1417|9.15||
|FSR 0611|02 37 32|+56 24.3|0.165|||116|1000|8.75||
|FSR 0612|03 10 12|+64 16.8|0.09|||50|1900|9.092|0.037|
|FSR 0616|02 13 34|+44 44.4|0.115|||46|1530|9.23||
|FSR 0627|03 20 20|+60 15.6|0.07|||27|1933|8.25||
|FSR 0630|05 18 25|+70 53.7|0.14|||36|1879|9.355|0.009|
|FSR 0632|03 32 35|+59 12.6|0.155|||146|1037|8.35||
|FSR 0655|03 56 10|+53 52.6|0.09|||21|1742|8.72||
|FSR 0656|03 58 52|+53 38.4|0.18|||219|1400|8.895|0.021|
|FSR 0663|04 06 11|+51 54.6|0.085|||57|1700|8.914|0.078|
|FSR 0667|04 07 14|+51 10.0|0.075|||37|1818|8.08||
|FSR 0682|03 33 25|+36 49.6|0.115|||29|1800|8.55||
|FSR 0683|05 08 38|+53 13.2|0.105|||55|1522|9.2||
|FSR 0686|04 25 52|+46 05.7|0.18|-16.50|4.50|176|1073|7.5||
|FSR 0689|04 03 04|+41 18.2|0.14|||69|1705|9.2||
|FSR 0690|05 02 56|+50 06.0|0.14|||119|1711|9.0||
|FSR 0691|03 41 20|+34 39.3|0.135|||33|1600|9.04|0.029|
|FSR 0692|04 06 02|+40 10.1|0.13|||74|1520|9.32||
|FSR 0695|04 05 49|+39 12.0|0.115|||38|1786|9.295||
|FSR 0697|04 18 41|+41 31.6|0.115|-8.30|3.70|64|1600|8.915|0.118|
|FSR 0698|04 06 36|+39 08.1|0.095|||28|1963|8.25||
|FSR 0700|04 10 25|+39 15.0|0.11|||52|1379|9.15||
|FSR 0714|04 42 47|+41 55.0|0.11|||67|1819|9.06||
|FSR 0717|04 46 08|+42 07.8|0.08|||60|1700|9.05||
|FSR 0724|03 57 08|+32 01.3|0.12|||39|1685|9.095|0.036|
|FSR 0728|04 29 53|+38 30.0|0.16|||122|1816|8.255|0.100|
|FSR 0733|04 45 11|+39 45.6|0.11|||58|1500|9.06||
|FSR 0734|05 03 20|+42 23.4|0.13|||84|1532|7.5||
|FSR 0736|05 29 07|+44 46.2|0.14|||89|1800|9.335|0.057|
|FSR 0742|04 50 35|+38 08.0|0.08|||32|1250|8.95||
|FSR 0744|04 59 28|+37 57.9|0.155|||124|1250|8.85||
|FSR 0757|04 09 53|+26 34.2|0.1|||21|1900|9.0||
|FSR 0771|05 03 47|+32 09.9|0.14|||110|1705|8.515|0.036|
|FSR 0775|05 25 42|+34 57.4|0.14|||117|1300|8.72|0.130|
|FSR 0777|05 27 37|+34 44.9|0.13|4.70|4.26|46|1173|7.0||
|FSR 0807|05 36 39|+31 50.4|0.165|||60|1750|7.0||
|FSR 0817|05 39 27|+30 54.2|0.115|||114|1359|9.05||
|FSR 0820|04 59 25|+23 48.2|0.115|||44|1600|9.25|0.054|
|FSR 0821|05 41 53|+29 55.2|0.155|||166|1213|9.1||
|FSR 0823|05 42 35|+29 32.9|0.1|||94|1100|8.805|0.112|
|FSR 0843|07 00 32|+35 04.2|0.195|||58|1155|9.15||
|FSR 0844|06 07 47|+29 38.4|0.18|||159|1254|8.6||
|FSR 0846|05 48 50|+26 21.9|0.155|||141|1881|7.3||
|FSR 0849|05 51 16|+25 46.2|0.11|0.79||45|1063|8.635||
|FSR 0850|05 45 07|+24 44.3|0.145|-16.96||152|1836|7.3||
|FSR 0851|05 14 38|+19 48.9|0.18|||52|1092|9.15||
|FSR 0866|06 55 16|+29 43.8|0.18|0.70|20.26|148|1664|9.2||
|FSR 0874|05 40 58|+20 21.4|0.118|||37|912|8.86||
|FSR 0882|05 28 00|+16 54.9|0.2|||123|1887|9.35|0.025|
|FSR 0886|05 34 59|+17 16.1|0.15|||79|1685|9.11||
|FSR 0888|06 22 14|+23 24.6|0.15|||109|1536|7.6||
|FSR 0890|06 23 08|+23 11.9|0.14|||117|1522|7.5||
|FSR 0893|06 13 43|+21 33.1|0.125|||170|1485|8.725||
|FSR 0902|06 18 18|+20 32.4|0.155|||70|1243|7.145||
|FSR 0903|06 07 32|+19 05.7|0.13|||161|1633|8.81|0.028|
|FSR 0904|06 07 03|+19 01.3|0.095|||132|1427|7.8||
|FSR 0905|06 33 42|+22 17.3|0.155|||136|1786|8.3|0.064|
|FSR 0906|06 07 47|+18 46.5|0.11|||89|1202|8.955|0.047|
|FSR 0913|05 25 32|+11 35.6|0.19|||78|1633|8.9||
|FSR 0914|05 13 35|+09 40.8|0.14|||45|1649|8.55||
|FSR 0921|06 05 17|+16 40.5|0.16|||149|1810|8.75||
|FSR 0923|06 10 34|+16 58.2|0.17|||211|1444|8.725||
|FSR 0924|06 10 26|+16 50.0|0.11|||89|1721|8.87||
|FSR 0929|06 25 34|+17 43.2|0.145|47.20||113|1296|8.495||
|FSR 0931|06 13 00|+15 55.8|0.13|||134|1659|7.4||
|FSR 0932|06 04 26|+14 33.7|0.13|||87|1508|9.1||
|FSR 0933|06 05 33|+14 33.1|0.155|||113|1875|8.465|0.028|
|FSR 0951|06 22 20|+14 42.3|0.19|42.00||288|1619|8.7||
|FSR 0952|06 10 17|+13 01.0|0.17|||209|1994|9.105|0.025|
|FSR 0953|06 19 02|+14 07.8|0.1|||65|1734|8.75|0.082|
|FSR 0955|06 23 51|+14 30.9|0.085|||35|1994|7.4||
|FSR 0957|06 25 26|+14 34.5|0.14|||96|1786|8.735|0.035|
|FSR 0977|06 31 52|+11 50.7|0.145|||88|1916|8.68|0.071|
|FSR 0979|06 31 16|+11 05.0|0.155|||97|1933|8.7||
|FSR 0991|05 32 26|+00 31.8|0.15|43.20|13.10|26|1934|8.87|0.037|
|FSR 0998|06 40 22|+09 00.3|0.13|||47|1775|8.95||
|FSR 0999|06 43 53|+09 25.5|0.16|||85|1306|8.85||
|FSR 1000|06 12 16|+05 11.1|0.16|||127|1917|8.79|0.057|
|FSR 1029|06 54 04|+06 43.5|0.125|||77|1905|8.93||
|FSR 1031|06 30 18|+03 23.4|0.16|||149|1791|8.635|0.056|
|FSR 1032|06 36 16|+04 00.0|0.1|||35|1944|8.72||
|FSR 1033|06 28 21|+02 56.1|0.12|||65|1710|8.515||
|FSR 1050|05 41 56|-05 17.7|0.165|||32|1241|9.1||
|FSR 1051|06 52 08|+03 39.3|0.165|||131|1180|8.79||
|FSR 1053|06 39 58|+01 32.0|0.15|||133|1202|8.8||
|FSR 1065|06 36 05|-00 40.0|0.125|||112|1551|8.79||
|FSR 1066|05 47 24|-06 51.9|0.22|||86|1656|9.025||
|FSR 1076|07 13 26|+03 08.9|0.175|||55|1031|8.96||
|FSR 1077|06 42 04|-00 53.0|0.17|||116|1298|8.935||
|FSR 1078|06 01 15|-06 05.1|0.18|||54|1661|9.235||
|FSR 1080|06 58 16|+00 53.0|0.15|||122|1753|8.37||
|FSR 1083|07 22 03|+03 34.8|0.13|||40|1775|8.81||
|FSR 1085|06 53 14|-00 11.4|0.1|||88|1429|8.735|0.073|
|FSR 1091|07 11 37|+01 36.3|0.15|||91|1952|8.865|0.038|
|FSR 1092|06 37 42|-02 49.1|0.16|||109|1922|8.8||
|FSR 1094|06 09 59|-06 19.2|0.16|||61|1627|8.85||
|FSR 1099|06 34 30|-03 50.4|0.14|||91|1952|8.635||
|FSR 1100|07 03 58|-00 05.1|0.12|||68|1923|8.685||
|FSR 1102|07 53 34|+05 42.0|0.155|||47|1659|8.77|0.059|
|FSR 1105|06 09 59|-07 59.1|0.135|||52|1581|8.63||
|FSR 1111|07 08 06|-01 31.7|0.125|||59|1544|8.875||
|FSR 1115|06 08 13|-09 34.8|0.16|||11|1068|6.9||
|FSR 1116|06 00 38|-10 38.4|0.17|||36|1579|7.785||
|FSR 1117|06 16 31|-08 56.7|0.11|||26|1209|7.5||
|FSR 1120|06 14 02|-09 22.5|0.14|||9|830|7.3||
|FSR 1129|06 58 46|-04 55.8|0.135|||74|1881|8.385||
|FSR 1132|06 08 20|-11 30.0|0.14|||47|1892|8.85||
|FSR 1136|06 24 45|-10 15.9|0.15|||56|1287|8.2||
|FSR 1139|07 24 33|-02 53.0|0.115|||43|1964|8.855|0.053|
|FSR 1142|07 25 07|-02 54.0|0.095|||31|1905|9.1||
|FSR 1144|06 57 16|-06 38.2|0.13|||131|1737|8.18||
|FSR 1145|07 42 31|-01 02.2|0.165|||40|1292|7.9||
|FSR 1147|08 00 20|+01 15.6|0.21|||53|1508|8.72|0.016|
|FSR 1152|07 40 10|-02 05.1|0.13|||39|1824|8.6||
|FSR 1157|07 22 37|-05 06.9|0.09|||14|926|7.7||
|FSR 1158|07 10 48|-06 46.8|0.16|||133|1864|8.555||
|FSR 1159|06 57 55|-08 44.7|0.1|||36|1296|7.45||
|FSR 1160|07 11 10|-07 07.0|0.135|||56|1031|8.505||
|FSR 1163|06 59 20|-09 05.0|0.09|||60|1706|9.15||
|FSR 1164|06 58 41|-09 09.9|0.1|||49|1614|8.87||
|FSR 1169|07 02 51|-09 15.3|0.17|||153|1905|8.675|0.044|
|FSR 1180|07 15 41|-09 24.6|0.155|||117|1000|8.675||
|FSR 1183|07 13 21|-09 53.5|0.19|||222|1634|8.585|0.048|
|FSR 1194|07 04 23|-12 00.3|0.185|||132|1184|7.815||
|FSR 1197|06 54 30|-13 39.5|0.105|||39|1634|9.0||
|FSR 1199|07 06 18|-12 34.2|0.135|||91|1188|8.645|0.025|
|FSR 1200|07 07 59|-12 27.8|0.17|||119|1297|8.715||
|FSR 1203|07 43 41|-08 01.2|0.165|||77|1935|9.265||
|FSR 1204|07 08 18|-12 53.4|0.14|||74|1706|9.32||
|FSR 1205|06 04 10|-20 09.5|0.205|||45|1893|9.1||
|FSR 1207|07 07 32|-13 19.8|0.18|||165|1928|8.335|0.038|
|FSR 1212|07 07 38|-14 09.0|0.115|||57|1780|8.65||
|FSR 1219|07 08 28|-15 21.9|0.2|||183|1721|8.755|0.027|
|FSR 1220|07 43 43|-11 01.8|0.17|||80|1410|8.57||
|FSR 1234|07 31 11|-15 25.7|0.115|||53|1706|8.44||
|FSR 1235|06 25 05|-23 18.6|0.14|||41|1871|9.255||
|FSR 1245|07 49 57|-14 01.3|0.11|33.00||44|1833|9.17|0.067|
|FSR 1252|07 22 34|-18 42.0|0.15|||134|1899|8.995|0.027|
|FSR 1255|07 20 51|-19 37.9|0.135|||66|1023|8.495||
|FSR 1260|07 28 26|-19 40.8|0.14|||102|1409|8.3||
|FSR 1264|07 33 45|-19 48.7|0.105|||59|1215|8.615||
|FSR 1268|07 35 44|-19 46.7|0.1|25.00|2.94|32|974|8.62||
|FSR 1270|07 26 06|-21 12.3|0.155|||100|1607|8.7||
|FSR 1280|08 48 27|-11 12.6|0.18|||14|1298|8.6||
|FSR 1281|07 12 53|-25 13.9|0.19|||135|1847|8.68||
|FSR 1284|07 19 59|-24 31.8|0.125|||84|1935|9.145|0.059|
|FSR 1285|06 40 01|-28 46.2|0.17|||64|1685|8.67|0.012|
|FSR 1289|07 08 33|-26 09.5|0.16|||81|1791|8.605||
|FSR 1293|07 23 56|-25 21.5|0.08|||10|962|9.005|0.038|
|FSR 1295|08 22 55|-17 32.7|0.125|||36|1711|8.55||
|FSR 1303|06 44 44|-31 53.6|0.11|||29|1833|9.175||
|FSR 1307|08 15 58|-21 26.1|0.075|||21|1935|9.2||
|FSR 1312|08 10 46|-23 18.3|0.13|||67|1941|8.835|0.050|
|FSR 1326|07 14 28|-34 18.3|0.14|||58|1298|8.78|0.090|
|FSR 1336|07 59 28|-30 43.5|0.1|||49|1649|8.635|0.064|
|FSR 1350|07 47 48|-34 02.2|0.105|||100|1608|8.6||
|FSR 1351|07 45 50|-34 20.4|0.115|142.00||103|1579|8.2||
|FSR 1352|07 46 28|-34 16.8|0.13|||148|1508|8.28||
|FSR 1360|08 01 35|-34 27.6|0.11|||70|1743|8.985|0.025|
|FSR 1365|07 59 45|-36 11.4|0.16|||96|1884|9.01|0.048|
|FSR 1366|09 09 56|-25 28.8|0.11|||37|1513|8.7||
|FSR 1378|08 01 19|-40 40.5|0.19|||187|1562|8.0||
|FSR 1379|08 00 16|-40 53.9|0.13|||105|1951|7.45||
|FSR 1382|08 42 56|-35 47.1|0.115|||81|1811|9.1|0.048|
|FSR 1387|08 24 31|-39 54.3|0.13|||152|1258|9.02||
|FSR 1391|09 32 51|-28 50.9|0.26|||89|1753|8.4||
|FSR 1411|08 34 23|-43 51.6|0.2|||110|912|7.5||
|FSR 1416|09 04 37|-41 07.6|0.105|||89|1649|9.13||
|FSR 1418|08 47 39|-43 59.9|0.14|20.00||154|1249|8.85|0.033|
|FSR 1421|08 58 06|-42 36.0|0.085|||17|1268|8.3||
|FSR 1424|08 50 38|-43 49.9|0.1|||73|1829|8.4||
|FSR 1432|08 52 56|-44 11.1|0.1|||67|1904|8.1||
|FSR 1434|08 45 29|-45 24.1|0.17|||298|1367|9.035|0.028|
|FSR 1435|08 57 05|-43 45.9|0.23|||61|1296|6.0||
|FSR 1440|07 23 37|-53 56.8|0.205|||91|1631|8.76||
|FSR 1441|08 39 29|-47 06.0|0.125|||93|1659|8.73||
|FSR 1442|09 02 48|-43 57.6|0.085|||55|1186|9.19||
|FSR 1443|08 39 27|-47 21.4|0.165|||193|1864|8.77||
|FSR 1450|08 58 25|-46 18.2|0.115|||131|1379|8.4||
|FSR 1451|09 47 37|-37 03.3|0.115|||49|1470|8.5||
|FSR 1459|10 05 35|-35 21.9|0.115|||40|1759|9.35||
|FSR 1460|09 07 39|-47 49.5|0.17|||253|1285|8.835|0.009|
|FSR 1465|10 05 47|-36 54.6|0.155|||50|1703|9.31||
|FSR 1467|10 07 44|-36 29.6|0.195|||85|1606|9.0|0.048|
|FSR 1468|09 11 47|-48 04.2|0.125|||79|1005|8.3||
|FSR 1470|07 22 48|-59 11.9|0.175|||52|1055|8.63||
|FSR 1471|09 24 11|-47 20.4|0.115|||112|1966|8.82||
|FSR 1474|09 14 40|-49 44.7|0.1|||44|1079|7.525||
|FSR 1478|09 00 08|-52 42.7|0.11|||87|1976|8.61|0.052|
|FSR 1484|09 29 47|-50 40.9|0.1|||130|1847|8.645||
|FSR 1485|09 22 03|-51 58.0|0.1|45.93||107|1187|8.88||
|FSR 1489|09 33 16|-51 11.7|0.115|||104|1211|9.015|0.064|
|FSR 1500|09 37 54|-53 57.2|0.067|||46|1380|8.58||
|FSR 1507|09 33 56|-56 14.9|0.105|||80|1445|8.8||
|FSR 1513|09 48 36|-55 47.4|0.14|||231|1685|8.92|0.072|
|FSR 1518|09 59 31|-54 30.6|0.1|||78|1819|7.6||
|FSR 1521|09 55 19|-56 36.9|0.14|||170|1499|8.705|0.065|
|FSR 1535|10 08 01|-59 11.7|0.1|-10.30|0.30|90|1602|8.865|0.083|
|FSR 1554|09 58 49|-67 44.3|0.11|||64|1513|9.05||
|FSR 1566|09 50 35|-72 45.7|0.14|||72|1537|9.43|0.048|
|FSR 1568|10 24 47|-69 04.2|0.14|||92|1871|9.35||
|FSR 1574|11 44 42|-45 39.6|0.18|||93|1389|9.25||
|FSR 1577|09 28 46|-76 05.1|0.15|||81|1561|9.6||
|FSR 1579|09 13 41|-77 25.5|0.15|||65|1000|9.5||
|FSR 1583|11 31 40|-57 37.4|0.12|||66|1639|8.6||
|FSR 1591|11 36 58|-62 43.4|0.115|||78|1538|8.7||
|FSR 1593|11 27 50|-68 44.1|0.14|||120|1825|9.455|0.076|
|FSR 1607|11 33 00|-77 49.5|0.15|||69|1561|9.565|0.002|
|FSR 1613|12 31 53|-46 28.6|0.17|||98|1965|9.49|0.043|
|FSR 1616|12 29 19|-63 25.8|0.13|||142|1963|8.3||
|FSR 1617|12 28 32|-66 33.6|0.171|||105|1828|8.9||
|FSR 1621|12 39 23|-57 22.8|0.145|||92|1015|8.0||
|FSR 1631|12 45 43|-81 15.5|0.18|||100|1456|9.5||
|FSR 1641|13 04 41|-64 32.7|0.11|||48|1934|8.95||
|FSR 1645|13 21 07|-61 55.5|0.17|||264|1278|8.0||
|FSR 1648|13 19 47|-56 21.1|0.14|||111|1050|8.34||
|FSR 1652|13 21 49|-53 14.3|0.15|||139|1213|9.1||
|FSR 1659|13 38 01|-62 29.1|0.16|||186|1764|8.315||
|FSR 1663|13 41 05|-60 11.8|0.095|||121|1513|8.15||
|FSR 1668|13 54 54|-61 34.5|0.14|||216|1184|8.9||
|FSR 1669|13 56 17|-61 45.0|0.12|||140|1105|8.0||
|FSR 1678|14 44 35|-64 44.4|0.14|||85|1791|9.0||
|FSR 1680|14 28 34|-60 01.2|0.115|||104|1458|8.59|0.126|
|FSR 1682|14 29 11|-58 42.6|0.18|||370|1388|9.16|0.035|
|FSR 1685|14 57 14|-64 56.7|0.085|||50|1513|9.25|0.072|
|FSR 1688|14 34 37|-56 06.9|0.115|||73|1469|8.455||
|FSR 1690|14 32 20|-53 42.0|0.12|||115|1850|9.135||
|FSR 1692|16 45 14|-72 49.9|0.115|||65|1781|9.45||
|FSR 1695|14 33 38|-49 09.9|0.115|||60|1667|9.38|0.120|
|FSR 1696|15 01 12|-57 39.9|0.115|||116|1148|8.61||
|FSR 1697|15 06 42|-56 31.0|0.105|||128|912|8.06||
|FSR 1698|15 20 58|-59 37.2|0.125|||96|1562|8.56||
|FSR 1699|14 39 40|-44 04.2|0.155|||112|1953|9.6||
|FSR 1701|15 28 26|-56 59.8|0.1|||43|1505|8.4||
|FSR 1703|15 41 58|-54 58.8|0.115|||61|1330|8.55||
|FSR 1705|15 04 16|-45 33.0|0.07|||32|1582|9.4||
|FSR 1709|15 57 29|-54 22.5|0.15|-37.50|8.50|127|1893|8.5||
|FSR 1712|15 54 43|-52 28.8|0.17|||306|1137|8.6||
|FSR 1714|15 49 26|-50 36.2|0.17|||369|1608|8.5||
|FSR 1715|15 48 40|-50 12.9|0.075|||75|1423|8.485||
|FSR 1719|15 53 46|-49 30.6|0.11|||125|1113|9.4||
|FSR 1723|15 55 07|-46 00.6|0.155|||182|1513|8.77|0.116|
|FSR 1725|16 30 25|-50 07.5|0.115|||137|1623|8.0||
|FSR 1727|16 29 49|-49 45.1|0.14|||106|1201|8.87|0.030|
|FSR 1728|15 25 01|-35 38.1|0.145|||65|1031|8.9||
|FSR 1729|16 56 25|-53 04.3|0.115|||78|1629|9.38||
|FSR 1739|17 03 16|-47 09.1|0.1|||111|1054|7.7||
|FSR 1744|16 51 32|-42 23.6|0.12|||135|1844|8.6||
|FSR 1750|17 02 06|-38 51.9|0.125|||134|1555|8.795|0.007|
|FSR 1754|17 14 58|-39 05.1|0.13|||99|1400|7.15||
|FSR 1757|18 17 02|-45 15.0|0.1|||57|1397|8.66||
|FSR 1767|17 35 42|-36 21.3|0.115|||77|1948|8.675||
|FSR 1773|18 53 14|-42 07.5|0.135|||66|1312|9.2||
|FSR 1774|18 08 44|-37 56.4|0.13|||36|1935|9.0||
|Feibelman 1|20 17 47|+38 02.0|0.09|-8.90||36|1457|6.7||
|Feinstein 1|11 06 43|-59 49.2|0.2|-13.43|8.91|90|1414|7.2||
|G 76.2-0.3|20 25 28|+37 23.4|0.06|||34|1547|7.475||
|G 80.35+0.72|20 33 54|+41 22.9|0.09|||35|1089|7.5||
|Haffner 13|07 40 28|-30 02.6|0.325|68.00|5.80|126|714|7.52|0.275|
|Haffner 23|07 09 30|-16 55.2|0.22|||76|1000|8.825||
|Haffner 24|07 28 57|-18 18.9|0.102|||60|1708|8.535|0.002|
|Haffner 3|07 04 07|-06 07.8|0.11|||98|1925|8.6||
|Haffner 7|07 22 56|-29 29.4|0.155|||86|1893|9.0||
|Haffner 8|07 23 10|-12 18.5|0.16|||108|1197|9.035|0.020|
|Haffner 9|07 24 42|-17 00.0|0.095|||45|1797|8.15||
|Harvard 16|17 31 16|-36 48.3|0.18|||138|1467|7.94|0.081|
|Harvard 20|19 53 12|+18 19.4|0.135|5.15|0.65|123|1604|8.05||
|Harvard 9|15 33 50|-53 40.8|0.12|||153|1478|8.25||
|Hogg 1|09 40 33|-50 34.8|0.095|||58|1594|8.635||
|Hogg 10|11 10 44|-60 23.1|0.11|-7.00|8.00|62|1920|6.785||
|Hogg 12|11 12 14|-60 45.9|0.08|-3.00||69|1664|7.6||
|Hogg 14|12 28 44|-59 48.6|0.085|||55|1036|8.1||
|Hogg 17|14 33 59|-61 20.8|0.125|||151|1148|8.15||
|Hogg 18|14 50 42|-52 16.2|0.16|||223|1535|7.95||
|Hogg 19|16 29 02|-49 05.8|0.12|||162|898|9.015||
|Hogg 2|09 51 36|-56 18.6|0.075|||31|1819|8.2||
|Hogg 20|16 44 33|-47 39.3|0.14|||70|1777|7.45||
|Hogg 21|16 45 36|-47 44.8|0.12|||80|1750|7.45||
|Hogg 23|12 28 35|-60 55.5|0.1|||85|1250|8.31||
|Hogg 4|09 57 52|-54 37.5|0.095|||60|1772|8.3||
|Hogg 6|10 06 36|-60 30.0|0.11|||54|1412|8.505|0.024|
|Hogg 9|10 58 25|-59 03.2|0.07|||21|1751|7.9||
|IC 1023|14 32 20|-35 49.2|0.135|||32|1298|9.48|0.001|
|IC 1396|21 39 00|+57 29.4|0.74|-12.40|3.43|1068|600|6.0||
|IC 1442|22 15 59|+53 59.7|0.155|-63.50|0.90|151|1750|7.6||
|IC 1805|02 32 44|+61 27.3|0.27|-48.50|6.11|486|1700|7.25||
|IC 1848|02 51 06|+60 24.6|0.27|-47.38|6.87|254|1500|6.85||
|IC 2395|08 42 36|-48 08.0|0.23|13.25|9.76|159|701|7.27|0.048|
|IC 2488|09 27 40|-57 00.0|0.225|-2.63|0.06|372|1138|8.445||
|IC 2714|11 17 28|-62 44.4|0.195|-14.10|0.30|494|1224|8.65|0.036|
|IC 348|03 44 37|+32 09.0|0.26|16.03|3.77|48|480|6.78||
|IC 4651|17 24 54|-49 56.1|0.24|-31.00|0.20|325|888|9.25||
|IC 4665|17 46 16|+05 41.7|0.7|-12.23|1.18|275|352|7.63||
|IC 4725|18 31 43|-19 06.6|0.38|-1.81|10.46|771|561|7.97||
|IC 4756|18 38 56|+05 27.0|0.8|-22.45|1.37|2024|483|8.79||
|IC 4996|20 16 34|+37 38.4|0.22|-2.50|5.75|365|1764|7.15||
|IC 5146|21 53 29|+47 15.9|0.165|-3.57|1.65|18|770|6.0||
|IRAS 00013+6817|00 03 59|+68 33.9|0.09|||23|1338|7.15||
|IRAS 02232+6138|02 26 34|+61 59.3|0.19|-47.10||79|1835|6.85||
|IRAS 06046-0603|06 07 11|-06 03.9|0.155|||29|799|8.53||
|IRAS 06567-0355|06 59 17|-03 58.2|0.15|39.64||143|1943|7.35||
|IRAS 17301-2917|17 33 20|-29 09.9|0.09|||48|1215|7.2||
|IRAS 20264+4042|20 28 14|+40 53.1|0.085|||26|1818|6.6||
|IRAS 20286+4105|20 30 28|+41 15.8|0.085|-17.42||21|1863|7.95||
|Ivanov 8|08 19 10|-35 39.0|0.1|||55|1194|7.8||
|Johansson 1|15 46 15|-52 22.7|0.3|-13.00|7.40|923|869|8.725||
|Juchert 3|19 07 33|+06 17.0|0.185|||83|1481|6.0||
|King 1|00 22 04|+64 23.0|0.22|||596|1659|9.7||
|King 20|23 33 18|+58 27.8|0.115|||82|1850|8.648|0.050|
|King 25|19 24 30|+13 42.0|0.17|||384|1796|8.45||
|King 6|03 28 03|+56 27.9|0.26|||449|632|8.975||
|Koposov 10|05 47 30|+35 25.1|0.085|||50|1819|8.775||
|Koposov 12|06 01 03|+35 16.6|0.155|13.60|1.90|140|1900|8.91||
|Koposov 36|05 36 48|+31 12.0|0.14|||201|1600|8.445|0.021|
|Koposov 77|05 43 52|+21 42.3|0.115|||81|1750|9.445||
|Kronberger 1|05 28 21|+34 47.1|0.1|13.00||68|1919|6.9||
|Kronberger 12|06 14 15|+22 29.0|0.1|||73|1893|8.87|0.084|
|Kronberger 13|19 25 16|+13 56.9|0.115|||163|1455|8.525||
|Kronberger 5|19 45 54|+27 51.0|0.085|||46|1112|8.095|0.111|
|Kronberger 55|23 53 04|+62 46.7|0.04|||19|1988|7.38||
|Kronberger 57|20 23 57|+36 36.0|0.062|||26|1757|8.95|0.034|
|Kronberger 59|20 33 50|+40 06.9|0.075|-4.64||12|844|8.0||
|Kronberger 68|20 00 36|+30 34.6|0.09|||62|977|8.54||
|Kronberger 72|20 12 20|+37 52.8|0.09|-8.26|0.18|53|1073|8.85||
|Kronberger 84|21 35 38|+53 29.3|0.09|||107|1310|8.825||
|LDN 988e|21 04 07|+50 15.0|0.115|||26|700|6.67||
|Latham 1|13 11 15|+30 31.5|0.455|-2.40|0.30|25|1015|9.4||
|Loden 1|10 05 14|-55 48.3|0.093|||69|786|8.3||
|Loden 1002|13 54 36|-65 20.1|0.14|||92|1332|8.0||
|Loden 1010|13 45 05|-60 13.8|0.155|-18.61|10.51|225|949|8.825||
|Loden 1152|13 59 28|-59 19.8|0.145|||275|1711|8.065|0.092|
|Loden 1171|13 59 22|-58 23.0|0.145|||68|789|8.59||
|Loden 1194|14 05 49|-59 44.7|0.18|2.00|3.70|137|673|8.705||
|Loden 1202|14 04 24|-58 42.0|0.11|||84|1063|8.645||
|Loden 1225|14 09 22|-59 43.5|0.21|||439|1330|8.67||
|Loden 1256|14 18 00|-61 25.5|0.19|||302|1226|8.58||
|Loden 1282|14 15 50|-59 07.2|0.135|||153|1349|8.15|0.001|
|Loden 1289|14 14 13|-57 51.6|0.14|||161|1753|8.6||
|Loden 1339|14 33 29|-62 01.0|0.095|||56|1278|8.09||
|Loden 1375|14 44 20|-63 24.3|0.145|||103|1819|7.9||
|Loden 1378|14 30 07|-58 12.9|0.15|||220|1346|8.84|0.059|
|Loden 143|10 28 53|-58 48.3|0.3|-0.40|9.79|202|619|8.45||
|Loden 172|10 27 50|-60 42.0|0.18|||108|1415|8.0||
|Loden 189|10 50 28|-56 25.2|0.265|12.04|6.15|222|819|7.99||
|Loden 2115|15 07 43|-54 31.3|0.19|||423|1434|8.96|0.024|
|Loden 213|10 36 09|-61 50.2|0.125|||74|1876|8.875||
|Loden 2313|15 40 57|-52 27.6|0.185|||357|1076|8.29||
|Loden 2326|15 43 39|-52 28.2|0.11|||133|1390|8.83||
|Loden 306|11 05 56|-61 07.2|0.18|-33.00|4.60|86|1939|6.76||
|Loden 309|11 09 43|-60 34.2|0.105|||24|765|8.05||
|Loden 372|11 30 54|-58 28.8|0.11|||50|1208|8.32||
|Loden 402|11 32 20|-60 42.3|0.18|-3.00|7.40|98|1513|8.4||
|Loden 46|10 23 11|-54 50.4|0.125|||69|1184|8.0||
|Loden 480|11 55 37|-58 23.4|0.14|||155|1305|8.7|0.054|
|Loden 481|11 51 50|-61 16.2|0.235|-22.05|14.95|380|1634|8.385|0.042|
|Loden 565|12 07 57|-60 41.4|0.185|10.10|0.20|96|703|8.375||
|Loden 59|10 30 16|-54 02.4|0.14|||32|570|8.3||
|Loden 615|12 20 41|-64 46.5|0.245|||150|826|8.63||
|Loden 624|12 26 19|-61 48.0|0.32|8.00||999|1423|7.6||
|Loden 682|12 47 13|-60 41.4|0.215|-31.00||99|731|8.47||
|Loden 757|13 12 00|-65 18.0|0.16|||70|1340|8.07|0.078|
|Loden 807|13 24 38|-62 29.7|0.18|-0.10|0.10|195|703|8.3||
|Loden 848|13 34 23|-64 33.0|0.225|||162|1797|8.75||
|Loden 89|10 29 19|-56 46.8|0.185|||110|626|8.3||
|Loden 894|13 39 41|-64 19.2|0.12|||81|1423|9.04||
|Loden 915|13 34 17|-59 17.7|0.28|-21.61|11.76|265|709|8.445||
|Loden 995|13 54 18|-64 57.0|0.165|-6.06|1.22|116|1481|8.625||
|Loiano 1|19 58 17|+32 33.0|0.08|||105|1447|8.9||
|Lynga 1|14 00 00|-62 09.0|0.155|-24.31|0.52|197|1312|8.39||
|Lynga 12|16 46 03|-50 44.4|0.15|||235|1872|9.25||
|Lynga 14|16 54 59|-45 14.4|0.095|||106|1327|7.75||
|Lynga 15|11 42 14|-62 30.6|0.125|-8.20|1.80|97|1380|7.4||
|Lynga 2|14 24 27|-61 19.8|0.2|-9.94|0.60|413|932|8.43|0.060|
|Lynga 4|15 33 20|-55 14.4|0.195|||327|1369|8.55||
|Lynga 5|15 41 54|-56 39.0|0.16|||282|1753|8.975||
|Lynga 6|16 04 53|-51 55.5|0.125|-59.40|0.60|170|1771|7.45||
|Lynga 8|16 20 04|-50 13.0|0.075|||47|1338|9.29|0.003|
|Lynga 9|16 20 41|-48 31.0|0.1|||110|1704|8.82||
|MWSC 4005|00 11 28|-85 28.8|0.165|||42|1159|9.375||
|MWSC 4114|06 07 52|-78 13.2|0.24|||60|962|9.4||
|MWSC 4116|06 19 12|-59 58.2|0.225|||73|1743|9.125||
|MWSC 4131|08 19 17|+42 02.1|0.22|||37|1058|9.4||
|MWSC 4137|09 26 11|-79 44.4|0.18|||83|1209|9.21|0.030|
|MWSC 4138|09 27 07|-73 30.0|0.185|||103|1908|9.28||
|MWSC 4146|11 00 45|-40 29.4|0.16|||61|1419|9.1||
|MWSC 4158|12 44 28|-38 18.6|0.195|||80|1616|9.02|0.072|
|MWSC 4170|13 36 49|-39 11.1|0.22|||132|1548|9.38|0.024|
|MWSC 4176|14 27 18|-85 25.2|0.28|||155|1093|9.315||
|MWSC 4218|15 40 26|-33 28.5|0.25|||128|993|9.1||
|MWSC 4219|15 42 14|-83 11.7|0.2|||95|1606|9.1||
|MWSC 4228|15 54 32|-30 39.6|0.26|||133|1312|8.74|0.020|
|MWSC 4229|15 56 29|-31 43.2|0.255|||122|1148|9.015||
|MWSC 4248|16 12 45|-29 54.3|0.25|||171|1618|8.9||
|MWSC 4286|16 41 33|-30 32.1|0.16|||102|1564|8.91|0.041|
|MWSC 4288|16 44 11|-00 08.1|0.35|||87|1994|9.015|0.038|
|MWSC 4301|16 59 20|+18 21.6|0.295|||68|1355|9.415||
|MWSC 4312|17 06 31|-19 26.7|0.22|||133|1384|8.2||
|MWSC 4316|17 10 28|+51 34.2|0.225|||35|1905|9.23||
|MWSC 4330|17 17 02|-15 04.8|0.175|||126|1434|8.55||
|MWSC 4355|17 30 36|-23 56.1|0.18|||89|1113|8.68||
|MWSC 4463|18 58 55|-64 15.9|0.21|||125|1406|9.15||
|MWSC 4475|19 08 10|-30 13.8|0.165|||96|1681|8.785||
|MWSC 4483|19 17 08|-68 31.5|0.235|||113|1397|9.31|0.103|
|MWSC 4484|19 22 19|-25 00.6|0.21|||146|1667|9.045||
|MWSC 4498|19 32 01|-46 26.1|0.155|||72|1537|9.36||
|MWSC 4500|19 33 22|-33 14.1|0.15|||68|1423|9.2||
|MWSC 4545|20 07 50|-49 51.6|0.225|||87|1070|9.31||
|MWSC 4555|20 17 33|-11 21.0|0.25|||116|1740|9.505|0.056|
|MWSC 4561|20 23 53|+05 54.0|0.185|||63|1968|9.4|0.028|
|MWSC 4572|20 30 59|-15 10.5|0.19|||68|1402|9.34|0.032|
|MWSC 4602|21 02 46|+10 45.9|0.23|||81|1274|8.785||
|MWSC 4606|21 06 07|-11 28.2|0.245|||38|956|9.385||
|MWSC 4622|21 26 02|-17 45.0|0.24|||31|1075|9.3||
|MWSC 4668|22 56 56|-77 10.2|0.18|||22|775|9.1||
|MWSC 4674|23 22 08|+84 00.6|0.21|||63|1166|9.55||
|MWSC 4682|23 43 23|-82 57.6|0.19|||58|1065|9.28|0.061|
|MWSC 4688|23 51 54|-86 43.2|0.185|||57|1336|9.39||
|MWSC 5011|06 24 36|+62 37.8|0.155|||53|1272|9.45||
|MWSC 5019|07 40 34|+32 46.8|0.15|||35|1534|8.97|0.050|
|MWSC 5022|08 16 24|+00 27.0|0.13|||29|1308|9.17|0.084|
|MWSC 5029|08 45 38|-11 39.3|0.135|||38|1953|9.285||
|MWSC 5033|08 55 57|+30 09.3|0.205|||31|1530|9.17|0.063|
|MWSC 5038|09 14 18|+23 56.4|0.125|||8|1953|9.3||
|MWSC 5042|09 21 05|-07 28.5|0.2|||19|1762|9.5||
|MWSC 5051|09 45 52|-07 00.3|0.195|||28|1365|9.45||
|MWSC 5058|10 08 18|+12 19.1|0.23|||12|1191|8.95||
|MWSC 5060|10 10 28|-14 02.7|0.19|||15|1445|9.7||
|MWSC 5071|10 32 44|-29 35.1|0.15|||21|1965|9.45||
|MWSC 5116|11 39 05|-36 20.4|0.18|||77|1622|9.515||
|MWSC 5117|11 40 19|-17 50.1|0.19|||17|1380|9.36||
|MWSC 5122|11 43 55|-28 47.9|0.17|||21|1947|9.5||
|MWSC 5149|12 16 46|-32 59.4|0.13|||16|1542|9.5||
|MWSC 5154|12 24 58|+04 02.7|0.26|||12|799|9.5||
|MWSC 5186|13 09 16|-32 58.2|0.205|||40|1947|9.325||
|MWSC 5191|13 14 26|-34 11.4|0.161|||51|1318|8.975||
|MWSC 5224|13 54 49|-31 42.6|0.195|||41|1876|9.005|0.001|
|MWSC 5231|14 08 31|-19 27.9|0.16|||11|1935|9.315||
|MWSC 5273|15 07 04|-36 21.7|0.165|||128|1599|9.445|0.033|
|MWSC 5289|15 23 19|-32 29.4|0.185|||66|1672|9.45||
|MWSC 5293|15 30 17|-30 26.4|0.165|||51|1414|9.22|0.103|
|MWSC 5295|15 34 39|-13 22.8|0.17|||29|1764|9.36||
|MWSC 5300|15 43 44|-10 18.0|0.195|||33|1506|9.4||
|MWSC 5309|16 09 40|-24 26.4|0.185|||83|1724|9.025||
|MWSC 5311|16 11 37|-23 12.9|0.155|||63|1410|9.05||
|MWSC 5316|16 15 14|-22 22.2|0.21|||74|1390|8.87||
|MWSC 5318|16 20 42|-17 14.1|0.15|||24|1169|9.585||
|MWSC 5319|16 21 00|-15 08.6|0.165|||48|1326|9.5||
|MWSC 5323|16 27 04|-07 10.2|0.17|||36|1925|9.375||
|MWSC 5326|16 32 47|-17 08.6|0.18|||84|1637|9.485|0.015|
|MWSC 5329|16 43 03|-09 50.4|0.175|||58|1111|9.65||
|MWSC 5333|16 48 54|+16 54.0|0.17|||32|1968|9.35||
|MWSC 5337|17 07 25|-03 20.1|0.125|||36|1791|9.39|0.024|
|MWSC 5340|17 10 28|+06 25.5|0.17|||46|1361|9.465|0.078|
|MWSC 5343|17 14 22|+17 18.0|0.135|||29|1626|9.355|0.022|
|MWSC 5344|17 15 29|+04 34.2|0.185|||38|1604|9.32|0.041|
|MWSC 5346|17 17 12|+02 12.7|0.18|||47|1952|9.31||
|MWSC 5350|17 22 01|+04 54.9|0.145|||50|1914|9.475||
|MWSC 5351|17 23 13|+05 20.5|0.12|||30|1288|9.2||
|MWSC 5354|17 25 23|+13 27.9|0.21|||34|1004|9.25||
|MWSC 5356|17 28 23|+02 53.4|0.18|||31|1151|9.205||
|MWSC 5358|17 37 10|+06 08.1|0.15|||48|1553|9.07|0.034|
|MWSC 5359|17 38 08|+06 37.1|0.13|||41|1721|9.205||
|MWSC 5366|17 59 08|+31 49.8|0.145|||34|1658|9.285||
|MWSC 5370|18 43 14|+46 46.5|0.135|||23|1454|9.35||
|MWSC 5371|18 48 31|+47 14.1|0.14|||42|1902|9.035|0.042|
|MWSC 5373|19 05 24|+56 20.4|0.13|||34|1664|9.1||
|MWSC 5374|19 18 16|+60 38.4|0.175|||30|1732|9.26||
|MWSC 5377|21 33 34|+78 15.4|0.16|||44|1434|9.245|0.033|
|MWSC 5571|01 51 45|+41 30.0|0.155|||45|1397|9.31||
|MWSC 5572|01 54 18|-78 57.9|0.14|||14|1472|9.3||
|MWSC 5602|03 04 56|+23 05.7|0.155|||20|1184|9.39||
|MWSC 5604|03 09 49|-42 52.8|0.2|||17|1437|9.2||
|MWSC 5621|03 48 38|+22 16.2|0.14|||31|1468|9.46|0.130|
|MWSC 5623|04 01 08|+24 06.9|0.185|||42|1211|9.1||
|MWSC 5627|04 19 10|+20 20.1|0.165|||27|1659|9.25||
|MWSC 5633|04 33 25|+09 24.0|0.161|||33|1481|9.1||
|MWSC 5634|04 35 20|+18 32.4|0.155|||40|1991|9.25||
|MWSC 5656|05 16 39|+02 12.6|0.195|||35|1847|8.8||
|MWSC 5665|06 10 26|-42 12.6|0.14|||27|934|8.875||
|MWSC 5670|07 03 25|-51 12.3|0.125|||52|1682|8.95||
|MWSC 5672|07 15 20|-78 26.4|0.135|||33|1288|9.49||
|MWSC 5674|08 06 34|-70 19.5|0.115|||43|1803|9.35||
|MWSC 5676|08 41 55|-74 45.9|0.145|||58|1604|9.15||
|MWSC 5679|09 33 00|-78 58.2|0.155|||51|1122|8.5||
|MWSC 5680|09 43 48|-78 12.3|0.15|||59|1050|9.3||
|MWSC 5681|10 41 47|-82 00.3|0.115|||41|1700|8.98||
|MWSC 5684|12 53 43|-86 38.9|0.155|||52|1432|9.18|0.023|
|MWSC 5685|13 05 24|-82 02.6|0.16|||64|1581|9.15||
|MWSC 5688|15 25 59|-80 07.8|0.105|||25|1236|8.99||
|MWSC 5692|17 47 20|-86 36.6|0.135|||28|1555|8.93||
|MWSC 5694|17 57 22|-66 48.0|0.11|||32|1570|9.0||
|MWSC 5697|18 24 36|-62 11.7|0.125|||64|1496|9.25||
|MWSC 5701|18 49 34|-53 51.6|0.13|||53|1467|8.75||
|MWSC 5704|19 04 21|-39 55.8|0.11|||53|1604|9.37||
|MWSC 5705|19 06 53|-46 16.3|0.12|||54|1861|8.95|0.001|
|MWSC 5706|19 09 38|-35 51.6|0.14|||69|1558|8.99|0.035|
|MWSC 5708|19 11 58|-36 18.9|0.1|||26|1844|8.575||
|MWSC 5712|19 25 19|-34 28.5|0.14|||58|1654|8.745||
|MWSC 5720|19 41 42|-18 06.3|0.11|||35|1639|9.36|0.015|
|MWSC 5723|19 42 05|-60 00.9|0.15|||46|1195|9.13||
|MWSC 5735|20 09 22|-12 11.1|0.125|||27|1970|9.25||
|MWSC 5744|20 20 20|-42 14.7|0.115|||33|1836|9.22||
|MWSC 5745|20 21 05|-03 31.8|0.14|||39|1639|9.08||
|MWSC 5748|20 28 58|+00 24.0|0.15|||31|1388|8.725|0.120|
|MWSC 5749|20 32 10|-78 36.9|0.15|||47|1890|9.345||
|MWSC 5751|20 35 46|+07 59.1|0.14|||57|1532|9.25||
|MWSC 5782|21 46 01|+20 49.8|0.15|||44|1732|9.29||
|MWSC 5800|22 36 23|+30 14.4|0.16|||26|1679|8.325||
|MWSC 5804|22 43 53|+15 02.4|0.2|||20|1896|9.465||
|MWSC 5811|23 03 04|-12 18.9|0.24|||18|1261|9.425||
|MWSC 5901|07 30 14|+27 01.2|0.24|||49|709|9.38||
|MWSC 5963|05 43 57|-10 39.3|0.25|||51|430|8.82||
|Mamajek 4|18 26 08|-50 57.3|0.55|-43.40|1.60|124|386|8.815|0.062|
|Mayer 1|00 22 03|+61 44.5|0.115|-20.90|2.00|115|1430|7.74||
|Melotte 101|10 42 16|-65 05.7|0.23|9.69|5.00|248|1999|8.1|0.044|
|Moitinho 1|08 19 17|-45 12.5|0.085|||23|1146|8.635||
|Morgan 8|05 36 27|-06 25.2|0.23|||57|314|7.2||
|Muzzio 1|08 57 58|-47 41.7|0.18|-13.00||111|1394|6.5||
|NGC 1027|02 42 40|+61 37.2|0.235|15.00|3.80|273|950|8.55||
|NGC 1039|02 42 12|+42 47.4|0.73|-18.20|1.40|513|510|8.383|0.077|
|NGC 110|00 27 25|+71 25.3|0.115|||46|1600|8.97||
|NGC 1252|03 10 48|-57 45.6|0.25|||29|944|9.5||
|NGC 129|00 30 10|+60 12.2|0.155|-38.03|0.82|240|1685|7.975||
|NGC 133|00 31 17|+63 20.7|0.08|||45|1861|7.3||
|NGC 1342|03 32 01|+37 21.4|0.275|-11.50|0.40|190|665|8.6||
|NGC 1348|03 34 12|+51 24.0|0.11|||85|1800|8.45||
|NGC 1444|03 49 24|+52 38.4|0.1|2.00|2.86|32|1300|6.85||
|NGC 1496|04 04 26|+52 38.7|0.065|-14.43|0.18|52|1300|8.85||
|NGC 1502|04 07 50|+62 19.9|0.3|-13.95|2.32|203|1023|7.08||
|NGC 1513|04 09 42|+49 30.6|0.155|-15.13|1.04|266|1400|8.5||
|NGC 1520|03 57 52|-76 48.0|0.13|||10|1023|9.43||
|NGC 1528|04 15 23|+51 11.4|0.45|-9.15|0.40|627|950|8.55||
|NGC 1545|04 21 11|+50 15.1|0.13|-10.84|0.10|70|863|8.81|0.017|
|NGC 1557|04 13 08|-70 27.9|0.22|||20|1820|9.5||
|NGC 1582|04 31 30|+43 47.4|0.41|5.53|1.00|890|1000|8.665|0.069|
|NGC 1641|04 35 26|-65 44.4|0.26|||78|985|9.52||
|NGC 1647|04 45 59|+19 10.2|0.75|-6.12|0.39|618|572|8.3|0.057|
|NGC 1662|04 48 27|+10 55.5|0.485|-13.50|0.40|152|437|8.695|0.036|
|NGC 1663|04 49 16|+13 10.2|0.285|||95|1490|9.4||
|NGC 1664|04 51 14|+43 39.6|0.31|36.10|1.70|492|1200|8.75|0.023|
|NGC 1708|05 03 26|+52 51.9|0.24|||102|630|8.755|0.034|
|NGC 1746|05 04 34|+23 49.8|0.6|2.00|3.70|854|800|8.64|0.025|
|NGC 1778|05 07 59|+37 01.7|0.17|8.17|2.98|230|1500|8.45||
|NGC 1817|05 12 20|+16 40.8|0.26|65.33|0.09|306|1504|8.9||
|NGC 189|00 39 29|+61 06.9|0.12|||82|1300|8.709|0.047|
|NGC 1901|05 18 14|-68 26.4|0.335|-2.08|7.13|134|406|8.85||
|NGC 1907|05 28 05|+35 19.5|0.21|0.09|0.90|426|1600|8.6||
|NGC 1912|05 28 52|+35 48.0|0.39|1.00|0.58|1229|1144|8.35||
|NGC 1960|05 36 20|+34 09.5|0.26|-1.18|4.60|462|1200|7.565|0.078|
|NGC 1963|05 32 10|-36 22.8|0.17|||35|1703|8.125||
|NGC 2026|05 43 06|+20 08.7|0.125|||87|1226|8.62||
|NGC 2099|05 52 21|+32 34.2|0.485|7.70|0.02|1560|1400|8.55||
|NGC 2112|05 53 44|+00 24.8|0.62|39.00|9.23|584|977|9.315||
|NGC 2126|06 02 36|+49 52.3|0.225|||192|1100|9.45||
|NGC 2129|06 01 06|+23 20.4|0.14|12.60|2.12|189|1651|7.48||
|NGC 2132|05 55 19|-59 55.2|0.245|||52|1003|9.045|0.127|
|NGC 2143|06 03 12|+05 44.7|0.195|||141|1490|9.09|0.028|
|NGC 2168|06 09 13|+24 21.6|0.98|-10.75|1.73|3059|830|8.255|0.015|
|NGC 2169|06 08 24|+13 59.4|0.22|22.29|2.14|94|1032|6.89||
|NGC 2180|06 09 45|+04 48.3|0.11|||52|1882|9.355||
|NGC 2184|06 11 19|-03 25.2|0.18|||27|621|8.6||
|NGC 2186|06 12 09|+05 27.8|0.13|20.15|0.19|92|1445|8.2||
|NGC 2189|06 12 07|+01 03.3|0.15|||102|1468|9.175|0.078|
|NGC 2202|06 16 52|+06 01.6|0.13|||62|1940|9.2||
|NGC 2215|06 20 53|-07 17.7|0.325|-10.74|0.66|293|1141|8.55||
|NGC 2220|06 20 53|-44 42.0|0.125|||27|1393|8.56|0.055|
|NGC 2232|06 27 58|-04 47.7|0.38|19.85|4.54|110|330|7.7||
|NGC 2240|06 33 20|+35 15.9|0.14|15.83|0.20|70|1551|9.2||
|NGC 225|00 43 12|+61 46.9|0.18|-28.00||155|850|8.191|0.058|
|NGC 2250|06 33 41|-05 04.8|0.165|||94|1338|8.495||
|NGC 2251|06 34 37|+08 22.2|0.18|-16.00|7.40|229|1329|8.455|0.074|
|NGC 2252|06 34 30|+05 22.2|0.22|9.00|7.40|251|900|8.86|0.020|
|NGC 2269|06 43 14|+04 36.9|0.155|||143|1585|8.665||
|NGC 2270|06 43 59|+03 28.2|0.2|40.00|3.70|213|1415|8.915|0.036|
|NGC 2281|06 48 18|+41 04.8|0.405|13.29|4.11|193|500|8.785|0.022|
|NGC 2286|06 47 39|-03 09.3|0.195|||202|1964|8.64|0.012|
|NGC 2287|06 46 03|-20 44.7|0.44|24.47|1.20|302|769|8.25||
|NGC 2301|06 51 47|+00 27.9|0.26|39.65|12.35|357|805|8.35||
|NGC 2302|06 51 52|-07 04.8|0.17|||149|1310|8.35||
|NGC 2318|06 59 29|-13 39.7|0.125|||77|1713|8.75||
|NGC 2319|07 00 41|+03 02.1|0.165|||89|985|9.035|0.025|
|NGC 2323|07 02 43|-08 22.2|0.46|5.40|0.30|738|902|8.255||
|NGC 2331|07 06 43|+27 15.3|0.14|||40|1946|8.6||
|NGC 2335|07 06 50|-10 01.8|0.31|8.70|0.70|394|1411|8.2||
|NGC 2338|07 07 48|-05 43.0|0.09|||31|1671|8.62||
|NGC 2343|07 08 04|-10 36.0|0.205|14.89|0.15|177|1029|8.135|0.164|
|NGC 2348|07 03 04|-67 23.4|0.16|||43|1076|9.475||
|NGC 2349|07 10 43|-08 36.3|0.145|||96|1819|9.14||
|NGC 2353|07 14 30|-10 15.0|0.22|22.30|10.30|109|1180|7.2||
|NGC 2360|07 17 42|-15 38.4|0.3|25.47|0.78|535|1560|8.65|0.018|
|NGC 2362|07 18 43|-24 57.6|0.26|29.50|7.53|149|1375|6.64||
|NGC 2367|07 20 13|-21 51.9|0.19|45.33|7.01|219|1772|7.425|0.008|
|NGC 2374|07 24 00|-13 16.2|0.22|27.20|0.10|157|1394|8.75||
|NGC 2383|07 24 41|-20 56.4|0.125|57.37|0.24|85|1655|8.69|0.061|
|NGC 2395|07 27 06|+13 35.0|0.14|||36|1209|9.28||
|NGC 2396|07 28 07|-11 44.4|0.2|17.70|0.90|29|545|8.52||
|NGC 2413|07 33 04|-12 59.4|0.185|||126|1341|8.655||
|NGC 2422|07 36 40|-14 29.4|0.63|36.72|2.92|460|471|8.12||
|NGC 2423|07 37 07|-13 51.0|0.45|21.67|2.54|428|824|9.025|0.014|
|NGC 2428|07 39 20|-16 31.1|0.125|47.31|6.23|98|1406|8.615|0.039|
|NGC 2430|07 39 40|-16 22.8|0.15|2.76|2.23|25|707|7.7||
|NGC 2432|07 40 54|-19 05.1|0.16|14.40|1.80|148|1589|8.65||
|NGC 2437|07 41 49|-14 48.3|0.57|30.43|4.50|1688|1375|8.35||
|NGC 2447|07 44 35|-23 51.6|0.5|21.31|0.67|882|1037|8.68|0.022|
|NGC 2448|07 44 34|-24 39.9|0.18|19.59|3.26|37|1040|7.25||
|NGC 2451A|07 41 20|-38 31.2|1.3|22.63|4.49|297|188|7.76||
|NGC 2451B|07 44 28|-37 40.2|0.41|13.70|7.13|215|489|8.23||
|NGC 2455|07 49 02|-21 17.5|0.14|||108|1711|8.72||
|NGC 2477|07 52 08|-38 31.8|0.45|7.32|0.13|1209|1450|8.915|0.007|
|NGC 2479|07 55 08|-17 43.8|0.24|||167|1363|9.015|0.016|
|NGC 2482|07 55 10|-24 16.5|0.21|38.17|0.30|145|1344|8.505|0.086|
|NGC 2483|07 55 41|-27 54.3|0.115|||52|1649|7.6||
|NGC 2509|08 00 47|-19 03.0|0.185|||176|1711|9.2||
|NGC 2516|07 57 58|-60 45.0|0.71|21.22|1.08|698|373|8.475||
|NGC 2527|08 05 06|-28 10.2|0.34|39.60|0.10|96|642|8.91|0.031|
|NGC 2539|08 10 41|-12 50.4|0.44|26.12|1.70|455|1232|8.735|0.022|
|NGC 2546|08 11 51|-37 36.6|0.565|36.00|4.10|1267|935|8.135|0.072|
|NGC 2547|08 09 55|-49 12.3|0.3|14.78|1.94|174|361|7.89||
|NGC 2548|08 13 44|-05 46.2|0.72|41.50|0.30|596|789|8.72|0.017|
|NGC 2567|08 18 34|-30 39.0|0.17|35.79|3.79|165|1678|8.645|0.068|
|NGC 2571|08 18 57|-29 44.1|0.19|27.00|0.25|116|1339|7.35||
|NGC 2609|08 29 32|-61 06.0|0.085|||24|1481|8.48||
|NGC 2632|08 40 23|+19 41.4|3.1|33.42|0.52|511|187|8.92||
|NGC 2659|08 42 34|-44 59.1|0.12|||159|1713|7.36|0.082|
|NGC 2664|08 47 22|+12 36.0|0.19|87.90|3.90|27|1659|8.29||
|NGC 2669|08 46 28|-52 56.4|0.275|21.06|0.15|442|1057|8.405||
|NGC 2670|08 45 34|-48 49.2|0.11|17.20|0.83|80|1294|8.14||
|NGC 2671|08 46 13|-41 52.0|0.185|||328|1309|8.53||
|NGC 2682|08 51 23|+11 48.9|1.03|33.58|0.19|907|890|9.535|0.009|
|NGC 2910|09 30 29|-52 55.5|0.125|||168|1882|7.2||
|NGC 2925|09 33 09|-53 22.3|0.27|16.00|7.40|270|774|7.805||
|NGC 2972|09 40 14|-50 19.5|0.11|20.89|0.26|93|1778|8.73|0.060|
|NGC 3033|09 48 31|-56 25.5|0.125|26.73|0.10|107|1020|8.62||
|NGC 3036|09 49 16|-62 40.2|0.14|11.78|0.75|74|1268|8.99||
|NGC 3114|10 01 55|-60 06.6|0.345|-1.40|0.70|496|944|8.3||
|NGC 3228|10 21 25|-51 43.8|0.18|-22.39|0.15|53|573|8.42||
|NGC 3330|10 38 46|-54 06.9|0.145|||132|1250|8.565|0.039|
|NGC 3496|10 59 37|-60 20.4|0.18|-6.28|3.82|152|1359|8.895|0.023|
|NGC 3532|11 05 49|-58 43.8|0.425|1.20|0.72|392|454|8.65||
|NGC 3572|11 10 25|-60 15.0|0.12|-7.95|2.42|66|1997|6.925||
|NGC 3590|11 13 02|-60 46.5|0.165|-7.33|6.44|247|1660|7.4||
|NGC 3680|11 25 37|-43 14.1|0.19|2.40|2.65|100|946|9.2||
|NGC 3766|11 36 18|-61 36.9|0.23|-14.80|1.72|366|1685|7.95||
|NGC 381|01 08 26|+61 34.7|0.18|-22.00|6.00|233|1200|8.85|0.029|
|NGC 3909|11 50 06|-48 12.6|0.17|||103|1792|9.515|0.101|
|NGC 3960|11 50 38|-55 40.2|0.17|-22.56|0.17|131|1884|9.11||
|NGC 4052|12 01 16|-63 12.9|0.15|||197|1210|8.4||
|NGC 4103|12 06 40|-61 15.0|0.21|-12.00|7.40|421|1659|7.755||
|NGC 433|01 15 12|+60 07.4|0.14|-36.91|0.18|151|1650|7.81||
|NGC 4439|12 28 28|-60 06.6|0.125|||115|1659|7.71||
|NGC 4463|12 29 56|-64 47.4|0.14|-24.52|6.37|133|1115|7.97||
|NGC 4609|12 42 18|-62 59.4|0.155|22.00|7.00|149|1308|8.1|0.062|
|NGC 4852|13 00 11|-59 35.4|0.155|-5.00|3.70|187|1106|8.635|0.060|
|NGC 5043|13 16 05|-60 03.9|0.17|||158|860|8.6||
|NGC 5045|13 14 31|-63 25.2|0.315|-16.76|7.22|409|1662|7.955|0.159|
|NGC 5138|13 27 11|-59 01.8|0.14|-9.58|0.57|95|1819|7.55||
|NGC 5155|13 29 53|-63 27.3|0.165|-37.10||108|1404|7.4||
|NGC 5168|13 31 05|-60 56.4|0.12|||76|1727|8.25||
|NGC 5269|13 44 44|-62 53.5|0.16|||190|1634|8.52|0.100|
|NGC 5281|13 46 34|-62 55.5|0.215|-18.52|0.75|371|1211|7.76||
|NGC 5284|13 46 25|-59 12.0|0.21|||146|1577|7.0||
|NGC 5299|13 50 26|-59 56.7|0.11|||139|1847|8.7||
|NGC 5316|13 53 56|-61 52.2|0.26|-15.10|0.28|570|1208|8.23||
|NGC 5381|14 00 40|-59 36.3|0.16|||354|1949|8.65||
|NGC 5593|14 25 37|-54 48.0|0.135|||129|808|8.77||
|NGC 5617|14 29 47|-60 42.9|0.145|-35.77|0.47|175|1769|8.25||
|NGC 5715|14 43 30|-57 34.0|0.115|||126|1490|8.97|0.028|
|NGC 5749|14 48 47|-54 29.1|0.21|||317|1014|8.0||
|NGC 5822|15 04 28|-54 23.4|0.55|-21.17|4.56|1817|794|8.84|0.013|
|NGC 5823|15 05 31|-55 35.7|0.11|-19.80|0.20|161|1189|8.96|0.025|
|NGC 5925|15 27 34|-54 31.0|0.135|||143|1555|8.25||
|NGC 5999|15 52 10|-56 28.0|0.1|||42|1629|8.6|0.095|
|NGC 6005|15 55 59|-57 26.4|0.13|||45|1802|9.06|0.015|
|NGC 6031|16 07 39|-54 01.1|0.14|-2.48|1.34|146|1278|8.195|0.024|
|NGC 6067|16 13 12|-54 13.2|0.235|-37.28|3.02|285|1793|7.97||
|NGC 6124|16 25 16|-40 39.0|0.455|-21.07|0.19|1631|559|8.285||
|NGC 6134|16 27 49|-49 09.3|0.22|-26.00|0.20|433|892|9.015|0.019|
|NGC 6152|16 32 42|-52 38.4|0.19|||170|1031|8.63|0.045|
|NGC 6167|16 34 41|-49 47.1|0.21|-34.40|1.50|471|1216|8.19||
|NGC 6169|16 34 07|-44 01.0|0.11|6.30||60|1007|7.5||
|NGC 6178|16 35 47|-45 37.5|0.19|3.54|2.15|143|1011|7.51||
|NGC 6192|16 40 21|-43 21.6|0.235|-7.72|0.38|280|1619|8.15||
|NGC 6193|16 41 22|-48 45.3|0.23|-39.97|3.64|205|1158|6.7||
|NGC 6204|16 46 08|-47 01.2|0.145|-34.91|8.09|144|1085|8.0||
|NGC 6208|16 49 23|-53 42.9|0.21|-32.21|0.28|176|926|9.28||
|NGC 6249|16 57 36|-44 48.0|0.19|-37.63|2.77|285|1113|8.09|0.202|
|NGC 6253|16 59 05|-52 42.0|0.18|-29.40|1.30|255|1511|9.7||
|NGC 6259|17 00 54|-44 41.4|0.17|-33.70|0.19|254|1855|8.475||
|NGC 6268|17 02 08|-39 42.9|0.185|-15.11|0.08|237|1105|8.65|0.042|
|NGC 6281|17 04 41|-37 58.8|0.32|-15.43||415|512|8.5|0.062|
|NGC 6318|17 16 11|-39 25.0|0.11|||66|1841|7.8||
|NGC 6396|17 37 37|-35 01.3|0.1|-29.00|2.50|13|1168|7.505||
|NGC 6400|17 40 12|-36 56.7|0.19|||174|938|8.875||
|NGC 6405|17 40 19|-32 12.9|0.45|-9.80|2.64|164|356|8.035|0.106|
|NGC 6416|17 44 22|-32 21.9|0.24|-27.52|9.94|45|767|8.2||
|NGC 6425|17 46 59|-31 31.8|0.155|-3.46|0.20|25|1012|8.545|0.022|
|NGC 6444|17 49 30|-34 49.5|0.19|||37|1217|9.015||
|NGC 6469|17 53 13|-22 18.9|0.235|||83|690|8.875||
|NGC 6475|17 53 46|-34 46.8|0.7|-12.61|1.04|857|303|8.25||
|NGC 6481|17 52 48|+04 10.0|0.125|||41|1836|9.56||
|NGC 6494|17 56 55|-19 00.0|0.55|-8.60|0.40|578|648|8.515|0.027|
|NGC 6520|18 03 27|-27 53.7|0.155|-26.00|2.65|32|1472|7.755|0.216|
|NGC 6531|18 04 12|-22 29.4|0.19|-14.71|5.12|102|1194|6.82||
|NGC 654|01 43 59|+61 54.0|0.16|-38.79|2.50|179|1786|7.25||
|NGC 6546|18 07 30|-23 19.5|0.205|-29.41|11.16|96|938|8.72||
|NGC 6554|18 08 55|-18 26.6|0.22|15.00||106|1775|8.62|0.043|
|NGC 6568|18 12 43|-21 36.0|0.266|||282|861|8.8|0.025|
|NGC 657|01 43 24|+55 50.4|0.095|||38|1934|9.0||
|NGC 6583|18 15 49|-22 08.0|0.1|3.00|0.40|21|1753|9.0||
|NGC 6596|18 17 31|-16 39.0|0.2|||122|932|8.6||
|NGC 6604|18 18 02|-12 14.3|0.265|9.60|7.05|260|1895|6.89||
|NGC 6605|18 18 25|-14 57.9|0.185|||51|1144|8.8||
|NGC 6625|18 22 47|-11 57.3|0.165|||68|1335|8.7||
|NGC 6633|18 27 21|+06 30.0|0.365|-25.43|3.79|145|385|8.76||
|NGC 6639|18 30 58|-13 08.4|0.17|7.00|1.80|119|765|8.93||
|NGC 6645|18 32 31|-16 54.6|0.15|||104|1245|8.61|0.018|
|NGC 6649|18 33 22|-10 24.0|0.18|-8.80|0.80|192|1564|8.1||
|NGC 6659|18 34 08|+23 35.9|0.165|||86|1965|9.43|0.033|
|NGC 6664|18 36 32|-08 12.6|0.14|17.80|1.00|42|1708|7.9||
|NGC 6682|18 39 39|-04 48.0|0.11|||52|1304|6.5||
|NGC 6683|18 42 13|-06 12.0|0.11|||26|1441|6.75||
|NGC 6694|18 45 16|-09 22.8|0.165|4.00|7.40|143|1748|8.12|0.029|
|NGC 6705|18 50 59|-06 16.8|0.35|32.53|1.13|475|1750|8.505|0.031|
|NGC 6709|18 51 23|+10 19.8|0.22|-12.80|4.62|279|1075|8.15||
|NGC 6716|18 54 34|-19 53.1|0.18|6.00|7.40|74|669|7.385||
|NGC 6728|18 58 44|-08 57.9|0.13|||77|1127|8.95||
|NGC 6738|19 01 21|+11 36.0|0.14|-34.90|0.90|99|686|9.515|0.119|
|NGC 6756|19 08 45|+04 43.0|0.11|||131|1951|8.4||
|NGC 6793|19 23 18|+22 08.4|0.22|||133|724|8.695||
|NGC 6800|19 27 04|+25 07.5|0.18|||96|1082|8.56|0.033|
|NGC 6802|19 30 36|+20 16.3|0.155|||267|1775|8.955|0.022|
|NGC 6811|19 37 22|+46 23.7|0.2|6.05|0.95|138|1227|8.805|0.017|
|NGC 6823|19 43 08|+23 18.0|0.2|10.50|6.50|226|1764|7.01||
|NGC 6828|19 50 15|+07 54.3|0.215|-21.00||64|603|8.25||
|NGC 6830|19 51 00|+23 06.0|0.14|-30.90|0.90|154|1841|8.105|0.062|
|NGC 6856|19 59 17|+56 07.0|0.1|||14|1202|9.01||
|NGC 6866|20 03 57|+44 09.6|0.15|13.68|0.06|209|1326|8.64|0.027|
|NGC 6871|20 06 00|+35 46.2|0.26|-10.54|2.25|335|1791|6.99||
|NGC 6882|20 11 48|+26 48.6|0.225|-15.07|4.36|145|432|8.2||
|NGC 6883|20 11 20|+35 49.8|0.16|-10.33|4.33|275|1380|7.71|0.059|
|NGC 6895|20 16 08|+50 14.7|0.15|||140|1935|9.33||
|NGC 6910|20 23 15|+40 47.7|0.175|-32.76|2.70|280|1127|7.53|0.026|
|NGC 6913|20 24 00|+38 30.6|0.12|-19.62|1.90|80|1173|7.51||
|NGC 6939|20 31 32|+60 39.6|0.32|-42.00|2.00|668|1800|9.27||
|NGC 6940|20 34 26|+28 16.8|0.4|4.66|2.32|387|844|8.98|0.024|
|NGC 6989|20 53 58|+45 14.4|0.19|-28.00|3.70|389|1905|8.75|0.037|
|NGC 7024|21 06 13|+41 29.7|0.155|||173|1513|8.425|0.052|
|NGC 7031|21 07 06|+50 52.5|0.17|0.24|0.20|386|1100|8.2||
|NGC 7036|21 10 02|+15 31.0|0.15|||22|1069|9.45||
|NGC 7039|21 11 03|+45 44.0|0.29|-11.60|0.60|623|1550|8.655|0.069|
|NGC 7050|21 15 13|+36 09.9|0.093|||23|1685|9.19|0.044|
|NGC 7055|21 19 34|+57 36.4|0.1|||33|1948|8.4||
|NGC 7062|21 23 27|+46 23.4|0.13|||136|1600|8.84|0.026|
|NGC 7063|21 24 32|+36 29.7|0.205|||96|689|7.955||
|NGC 7082|21 28 48|+47 06.6|0.325|-9.10||832|1300|8.002|0.170|
|NGC 7084|21 32 13|+17 34.5|0.2|||44|1259|9.425||
|NGC 7086|21 30 27|+51 36.5|0.14|-5.60|1.70|275|1600|8.065|0.131|
|NGC 7092|21 31 48|+48 27.0|0.9|-8.62|2.97|100|310|8.569|0.054|
|NGC 7129|21 42 54|+66 06.6|0.068|||9|1046|7.15||
|NGC 7160|21 53 40|+62 36.6|0.22|-26.28|3.88|71|800|7.2||
|NGC 7209|22 04 54|+46 33.1|0.23|-9.70||258|1250|8.629||
|NGC 7243|22 15 11|+49 52.5|0.6|-12.61|2.47|773|850|7.965|0.071|
|NGC 7281|22 25 04|+57 49.2|0.18|||191|1600|7.86||
|NGC 7429|22 55 53|+59 57.6|0.125|||118|1250|8.08||
|NGC 743|01 58 37|+60 09.4|0.17|-6.50|4.50|215|1100|8.29|0.090|
|NGC 7438|22 57 22|+54 22.5|0.25|-17.00|3.70|223|1000|8.8|0.028|
|NGC 744|01 58 35|+55 28.7|0.345|||629|1382|8.375||
|NGC 752|01 57 05|+37 47.4|1.4|4.67|0.75|402|450|9.13||
|NGC 7654|23 24 42|+61 38.2|0.325|-40.00|5.60|1137|1350|7.9||
|NGC 7708|23 36 18|+72 51.1|0.195|||110|1952|8.76||
|NGC 7762|23 49 52|+68 01.5|0.213|||276|780|9.32|0.019|
|NGC 7772|23 51 46|+16 14.7|0.45|-31.50|9.43|21|1250|9.162|0.010|
|NGC 7789|23 57 25|+56 43.8|0.415|-54.71|0.13|1430|1800|9.265|0.009|
|NGC 7801|00 00 20|+50 43.6|0.156|||65|1953|9.255||
|NGC 886|02 23 27|+63 45.3|0.17|||145|1000|8.75||
|NGC 957|02 33 31|+57 34.4|0.29|-40.88|3.00|568|1900|7.25||
|PTB 9|23 50 01|+68 02.0|0.295|||343|850|9.07|0.020|
|Patchick 103|20 34 56|+53 17.8|0.075|||30|1332|8.95||
|Patchick 75|20 15 02|+33 55.3|0.11|||178|1928|9.06||
|Pismis 14|09 29 53|-52 46.8|0.1|||114|1775|8.355||
|Pismis 16|09 51 15|-53 10.4|0.075|21.00|9.00|55|1949|7.1||
|Pismis 19|14 30 36|-60 53.1|0.12|||109|1978|9.015|0.049|
|Pismis 20|15 15 23|-59 04.0|0.085|-69.55|2.35|76|1501|7.5||
|Pismis 21|15 16 44|-59 39.3|0.11|-41.20|0.69|133|1174|8.11||
|Pismis 27|06 10 55|+20 36.9|0.1|||56|1664|8.25|0.203|
|Pismis 3|08 31 16|-38 39.5|0.205|||449|1418|8.925|0.030|
|Pismis 5|08 37 40|-39 34.8|0.135|||53|702|7.3||
|Pismis 6|08 39 04|-46 14.1|0.18|16.76|4.00|276|1668|7.58||
|Pismis 8|08 41 39|-46 16.0|0.115|||122|1363|7.43||
|Pismis-Moreno 1|22 18 25|+63 13.3|0.225|-23.25|0.25|113|800|7.4||
|Platais 10|13 41 10|-59 13.5|1.0|-8.00|7.40|329|246|8.34||
|Platais 12|13 52 35|-63 24.3|0.57|-11.99|9.51|751|491|8.4||
|Platais 4|05 06 52|+22 34.4|0.66|13.80|5.08|187|275|8.55||
|RMC-4b|06 34 14|+04 27.6|0.1|||17|1174|8.29||
|Riddle 6|21 11 48|+59 57.9|0.065|-16.80|0.60|16|1198|7.1||
|Roslund 1|19 45 07|+17 30.6|0.135|||69|788|8.765|0.019|
|Roslund 2|19 45 16|+23 54.0|0.18|-5.00|6.00|251|1668|6.78||
|Roslund 3|19 58 39|+20 30.8|0.14|-2.60|0.32|174|1582|7.7||
|Roslund 5|20 10 23|+33 46.8|0.415|-17.58|2.01|817|508|7.57||
|Roslund 7|20 52 23|+37 54.0|0.28|-22.00|3.00|326|736|8.6|0.072|
|Ruprecht 1|06 36 32|-14 11.6|0.14|||71|1204|8.79||
|Ruprecht 102|12 13 34|-62 43.8|0.16|||252|1609|7.5||
|Ruprecht 103|12 16 55|-58 25.0|0.115|||79|1298|9.11||
|Ruprecht 105|12 33 54|-61 34.5|0.195|||312|1250|9.1||
|Ruprecht 107|13 19 46|-64 57.0|0.075|-45.40|0.22|25|1454|8.235||
|Ruprecht 108|13 32 13|-58 27.9|0.17|||144|935|8.675||
|Ruprecht 11|07 07 22|-20 47.7|0.1|||44|1958|8.8||
|Ruprecht 110|14 05 38|-67 28.5|0.185|-34.36|1.51|182|1241|8.7||
|Ruprecht 111|14 36 00|-59 58.8|0.14|||187|1560|8.92|0.026|
|Ruprecht 112|14 56 56|-62 34.4|0.16|||195|1764|8.74||
|Ruprecht 113|15 57 32|-59 29.7|0.45|||756|810|8.345|0.215|
|Ruprecht 115|16 12 58|-52 25.6|0.14|||89|1948|9.135|0.036|
|Ruprecht 116|16 23 24|-52 00.0|0.13|||62|895|8.95||
|Ruprecht 117|16 23 26|-51 52.8|0.08|||25|937|8.95||
|Ruprecht 118|16 24 43|-51 56.4|0.14|||69|974|8.94|0.028|
|Ruprecht 119|16 28 12|-51 30.6|0.13|-11.21|1.34|107|1105|8.435||
|Ruprecht 120|16 35 10|-48 18.0|0.115|||75|1476|8.45||
|Ruprecht 121|16 41 47|-46 09.0|0.24|-16.40|0.20|234|1239|8.425||
|Ruprecht 123|17 23 31|-37 55.5|0.155|||148|929|8.1||
|Ruprecht 125|17 29 40|-40 27.0|0.16|||94|1188|8.825||
|Ruprecht 127|17 37 52|-36 18.2|0.09|-28.95|0.05|29|1435|7.55||
|Ruprecht 129|17 47 18|-29 37.0|0.105|4.00||15|1526|7.5||
|Ruprecht 131|17 49 12|-29 14.1|0.165|||32|614|9.17||
|Ruprecht 137|17 59 55|-25 12.9|0.16|||59|1405|8.795|0.045|
|Ruprecht 138|17 59 58|-24 41.9|0.11|||27|1134|8.9||
|Ruprecht 139|18 00 59|-23 32.1|0.155|||74|593|9.05||
|Ruprecht 142|18 32 13|-12 12.9|0.1|||34|1802|8.53||
|Ruprecht 144|18 33 31|-11 24.6|0.12|||42|1649|8.795|0.052|
|Ruprecht 145|18 50 38|-18 13.6|0.24|-8.77|5.16|98|770|8.9||
|Ruprecht 146|18 52 28|-21 05.1|0.14|||72|1735|9.1||
|Ruprecht 147|19 16 22|-16 15.0|1.33|41.00||170|270|9.33||
|Ruprecht 150|07 05 58|-28 24.6|0.14|||65|1789|8.7||
|Ruprecht 151|07 41 17|-16 17.4|0.15|33.47|3.87|80|1490|8.15||
|Ruprecht 16|07 23 10|-19 28.4|0.1|||47|1701|8.65||
|Ruprecht 161|10 09 11|-61 15.6|0.24|9.40|3.70|149|976|8.45||
|Ruprecht 164|11 30 50|-60 45.0|0.15|-3.00|7.40|70|1297|7.7||
|Ruprecht 167|14 18 22|-58 59.3|0.2|||335|1609|7.245||
|Ruprecht 17|07 23 38|-23 11.1|0.105|||72|1263|8.325||
|Ruprecht 171|18 32 06|-16 00.6|0.1|||66|1159|9.55||
|Ruprecht 172|20 11 49|+35 39.9|0.15|||279|1803|9.065|0.025|
|Ruprecht 173|20 41 49|+35 35.1|0.17|||264|1791|8.8||
|Ruprecht 174|20 43 25|+37 00.7|0.12|||105|1817|8.9||
|Ruprecht 18|07 24 43|-26 12.6|0.125|31.03|0.35|99|1499|8.455|0.023|
|Ruprecht 19|07 25 50|-21 33.8|0.115|||87|1797|8.0||
|Ruprecht 20|07 26 34|-28 48.0|0.115|29.89|0.04|53|1871|9.4||
|Ruprecht 22|07 29 18|-29 11.0|0.09|||31|1609|9.03||
|Ruprecht 24|07 31 55|-12 45.9|0.17|||135|1706|8.65||
|Ruprecht 26|07 37 10|-15 39.6|0.21|17.79|3.50|191|1456|7.8||
|Ruprecht 27|07 37 42|-26 30.4|0.235|10.90|1.20|68|576|8.41||
|Ruprecht 3|06 42 05|-29 26.7|0.14|||39|1259|9.1||
|Ruprecht 31|07 42 59|-35 35.6|0.11|||27|541|8.65||
|Ruprecht 33|07 45 56|-21 55.2|0.13|||104|1558|8.81||
|Ruprecht 34|07 45 57|-20 23.1|0.125|||30|893|9.1||
|Ruprecht 36|07 48 23|-26 17.4|0.09|||43|1821|8.28||
|Ruprecht 40|07 33 28|-20 30.6|0.075|||22|1836|8.265||
|Ruprecht 42|07 57 39|-25 56.1|0.115|||60|1964|8.7||
|Ruprecht 43|07 59 17|-28 52.2|0.155|113.37|5.77|57|970|8.4||
|Ruprecht 45|07 59 30|-16 18.3|0.1|||27|1888|9.3||
|Ruprecht 46|08 02 11|-19 27.9|0.095|||14|1467|8.15||
|Ruprecht 49|08 03 13|-26 46.2|0.075|||28|1748|8.22||
|Ruprecht 50|08 03 31|-30 51.6|0.1|||38|1834|8.775|0.028|
|Ruprecht 52|08 05 13|-31 58.2|0.13|||58|1609|8.55||
|Ruprecht 53|08 10 43|-26 56.4|0.17|||75|1523|8.86||
|Ruprecht 56|08 12 40|-40 29.1|0.305|||123|429|8.745||
|Ruprecht 57|08 15 11|-26 58.2|0.1|||29|1764|8.975||
|Ruprecht 64|08 37 05|-40 11.1|0.45|26.90|5.90|762|619|8.45||
|Ruprecht 65|08 39 16|-44 04.2|0.155|||106|786|8.82||
|Ruprecht 67|08 41 46|-43 23.7|0.17|-15.40|0.80|227|1342|8.6||
|Ruprecht 71|08 49 21|-46 52.7|0.155|||192|1300|8.84||
|Ruprecht 73|09 01 10|-50 55.0|0.075|||43|1621|8.88||
|Ruprecht 76|09 24 16|-51 39.6|0.12|18.00||136|1332|8.15||
|Ruprecht 78|09 29 02|-53 42.6|0.125|||115|1706|7.25||
|Ruprecht 79|09 40 55|-53 51.0|0.155|34.89|10.31|192|1991|7.265||
|Ruprecht 84|09 49 08|-65 14.4|0.18|||171|1546|8.56||
|Ruprecht 85|10 01 41|-55 00.9|0.1|||90|1286|8.7||
|Ruprecht 88|10 18 48|-63 08.2|0.13|||80|1876|8.98||
|Ruprecht 89|10 28 26|-58 08.1|0.155|||89|750|8.98||
|Ruprecht 91|10 47 38|-57 28.2|0.135|5.44|5.75|61|1095|8.405|0.098|
|Ruprecht 93|11 04 12|-61 22.2|0.135|5.07|3.50|84|1619|8.755||
|Ruprecht 95|11 43 39|-61 09.3|0.08|||42|1634|8.495|0.020|
|Ruprecht 96|11 50 47|-62 09.0|0.125|||98|1251|9.06|0.020|
|Ruprecht 97|11 57 23|-62 42.6|0.09|-14.90|0.16|47|1537|8.65||
|Ruprecht 98|11 58 52|-64 35.3|0.28|-7.60|1.70|131|610|8.8||
|Ruprecht 99|12 03 29|-63 51.6|0.21|||120|719|8.375||
|SAI 1|00 08 27|+51 43.4|0.065|||19|1905|9.27||
|SAI 118|13 43 10|-63 09.6|0.14|||162|1602|7.3||
|SAI 149|23 38 03|+60 32.7|0.06|||38|1799|8.4||
|SAI 21|02 34 50|+62 35.3|0.09|||44|1900|8.95||
|SAI 24|02 59 28|+60 33.0|0.115|-40.00||54|1000|7.2||
|SAI 4|00 23 38|+62 42.6|0.067|-100.70||45|1600|8.8|0.069|
|SAI 47|05 23 56|+42 19.4|0.125|||82|1523|9.2||
|SAI 82|07 52 13|-33 02.4|0.11|||60|1436|8.65||
|Schuster 1|10 04 36|-55 51.4|0.077|||37|1863|6.8||
|Skiff J0619+18.5|06 19 22|+18 30.6|0.14|||174|1380|7.9||
|Skiff J2330+60.2|23 30 18|+60 14.8|0.14|||147|1801|8.4||
|Stephenson 1|18 54 04|+36 48.3|0.55|-27.47|6.39|175|373|7.52||
|Stephenson 2|18 39 40|-06 01.8|0.09|||26|1128|6.0||
|Stock 1|19 35 49|+25 10.5|0.35|||100|350|8.54|0.087|
|Stock 10|05 39 14|+37 48.3|0.415|-8.16||269|500|8.42||
|Stock 11|23 31 23|+55 48.8|0.108|||64|1600|9.086||
|Stock 12|23 35 35|+52 41.1|0.5|-18.60|4.10|145|430|8.45||
|Stock 13|11 12 59|-58 52.8|0.145|1.00|7.40|76|1577|7.37||
|Stock 18|00 01 35|+64 37.5|0.08|||32|774|8.68||
|Stock 2|02 14 38|+59 26.4|1.7|1.81|1.82|661|400|8.44||
|Stock 20|00 25 15|+62 36.1|0.14|||145|1100|8.337||
|Stock 21|00 30 15|+57 55.9|0.155|||168|1700|8.825||
|Stock 23|03 16 55|+60 00.9|0.28|-16.75|4.25|179|450|8.3||
|Stock 3|01 12 09|+62 15.5|0.11|-6.00||90|1363|7.85||
|Stock 4|01 53 08|+57 00.6|0.21|||120|900|8.6||
|Stock 5|02 04 33|+64 21.3|0.24|-19.30|0.70|233|1100|7.7||
|Stock 7|02 29 44|+60 40.5|0.145|-3.67|6.33|97|850|7.8||
|Teutsch 125|22 13 10|+58 58.6|0.1|||47|1445|9.1||
|Teutsch 126|22 13 45|+55 45.2|0.1|||69|1819|8.8||
|Teutsch 145|18 42 29|-05 15.0|0.105|||32|1762|8.725||
|Teutsch 162|02 47 40|+61 58.4|0.11|||37|1600|7.0||
|Teutsch 30|20 27 41|+36 04.5|0.08|||40|1379|7.5||
|Teutsch 39|22 36 37|+37 43.6|0.19|-19.50||33|600|7.7||
|Teutsch 61|07 34 39|-19 48.0|0.11|||90|1998|8.215|0.042|
|Teutsch 77|11 53 29|-62 36.3|0.11|||42|1920|7.7||
|Teutsch 79|13 23 39|-63 38.3|0.1|||49|1461|8.78||
|Teutsch 8|20 02 26|+35 18.4|0.075|||56|1668|7.5||
|Teutsch 85|17 13 12|-39 39.6|0.085|||44|1569|6.6||
|Tombaugh 5|03 48 04|+59 04.2|0.27|-5.80|0.30|688|1350|8.846|0.014|
|Trumpler 10|08 47 29|-42 24.0|0.39|15.00|15.00|291|417|7.38||
|Trumpler 12|10 06 32|-60 18.0|0.16|||103|1435|9.205||
|Trumpler 18|11 11 35|-60 39.9|0.16|-17.40|7.00|215|1422|7.69||
|Trumpler 19|11 14 15|-57 32.1|0.215|||210|1968|9.65||
|Trumpler 2|02 37 28|+55 57.0|0.44|-27.50|11.50|480|670|7.925||
|Trumpler 21|13 32 13|-62 48.0|0.16|-32.90||144|1270|7.85||
|Trumpler 22|14 30 56|-61 09.9|0.15|||187|1614|8.495|0.126|
|Trumpler 25|17 24 23|-39 01.0|0.16|||177|1818|8.35||
|Trumpler 26|17 28 32|-29 29.1|0.155|-9.61|0.16|26|1490|8.17|0.041|
|Trumpler 27|17 36 22|-33 31.2|0.25|-15.80|1.30|117|1266|7.58||
|Trumpler 28|17 37 01|-32 28.8|0.175|7.00||75|1474|6.6||
|Trumpler 29|17 41 29|-40 07.2|0.145|||110|1096|8.685|0.048|
|Trumpler 3|03 12 13|+63 09.0|0.47|-8.58|1.12|502|620|8.005||
|Trumpler 30|17 56 55|-35 16.2|0.19|||27|1982|8.35||
|Trumpler 31|17 59 44|-28 12.4|0.165|||12|830|8.635||
|Trumpler 32|18 17 11|-13 19.8|0.37|||382|1623|8.795||
|Trumpler 33|18 24 41|-19 43.2|0.11|-3.80|0.40|46|1282|7.84||
|Trumpler 34|18 39 48|-08 24.9|0.18|||99|1342|8.585||
|Trumpler 35|18 42 59|-04 13.8|0.14|-4.70|0.70|117|1273|8.15||
|Trumpler 7|07 27 18|-23 57.6|0.18|32.87|2.87|250|1659|8.0|0.001|
|Turner 2|18 16 55|-19 03.9|0.165|-15.70||69|1290|7.9||
|Turner 3|18 17 17|-19 07.2|0.115|-15.70||50|1392|7.46||
|Turner 9|19 44 49|+29 15.6|0.555|-18.52|6.20|870|852|8.03||
|Waterloo 2|05 28 02|+40 21.1|0.19|||55|550|8.33||
|Wit 1|07 00 23|-05 49.8|0.17|5.00||47|1952|6.35||
|Wit 4|20 30 13|+44 20.1|0.15|||217|1456|8.0||
|vdBergh 1|06 37 01|+03 04.2|0.195|19.29|1.57|156|1490|8.315||
|vdBergh 130|20 17 42|+39 21.0|0.115|||62|1589|7.4||
|vdBergh 152|22 12 23|+70 14.7|0.15|||53|1964|9.295|0.032|
|vdBergh 83|06 40 08|-27 17.4|0.12|||24|1925|9.35||
|vdBergh-Hagen 110|11 07 16|-61 27.6|0.085|||23|1879|8.0||
|vdBergh-Hagen 118|11 22 30|-58 31.8|0.115|||41|1221|9.045|0.024|
|vdBergh-Hagen 132|12 27 00|-64 04.0|0.18|||236|1859|8.45||
|vdBergh-Hagen 150|13 37 53|-63 19.2|0.1|||69|1537|7.5||
|vdBergh-Hagen 155|13 57 30|-59 34.8|0.13|||165|1864|8.44|0.102|
|vdBergh-Hagen 164|14 47 38|-66 23.4|0.37|13.50|5.50|110|501|7.1||
|vdBergh-Hagen 200|16 49 56|-44 12.3|0.115|||116|1633|7.5||
|vdBergh-Hagen 211|17 02 11|-41 06.6|0.105|||77|1820|8.52||
|vdBergh-Hagen 214|17 05 40|-36 40.0|0.11|||47|1579|8.71|0.137|
|vdBergh-Hagen 217|17 16 19|-40 48.6|0.1|||89|1723|7.7||
|vdBergh-Hagen 221|17 18 40|-32 19.8|0.2|6.33|3.84|63|807|7.8||
|vdBergh-Hagen 34|08 31 12|-44 30.3|0.15|24.00|5.00|150|950|8.48||
|vdBergh-Hagen 54|08 49 41|-44 22.0|0.115|||138|1239|7.5||
|vdBergh-Hagen 56|08 57 07|-43 17.1|0.125|-18.00|0.01|48|737|7.3||
|vdBergh-Hagen 84|10 01 21|-58 12.9|0.095|||77|1282|7.7||
|vdBergh-Hagen 87|10 04 34|-55 24.6|0.12|||167|1671|7.3||
|vdBergh-Hagen 90|10 12 11|-58 03.6|0.105|||107|1928|8.465||
|vdBergh-Hagen 91|10 16 59|-58 41.7|0.15|||79|749|8.35||
|vdBergh-Hagen 92|10 19 07|-56 25.4|0.12|||178|1282|8.91|0.012|
|vdBergh-Hagen 99|10 37 52|-59 07.5|0.34|6.00|3.49|204|517|8.0||
|NGC 2467|07 52 18|-26 25.7|0.095|55.75|9.68|23|1313|8.1||
|BDSB 105|18 07 31|-25 45.3|0.06|||30|1129|7.0||
|ASCC 33|07 03 45|-25 03.3|0.52|15.00|9.00|434|704|7.7||
|DB2001 41|17 30 24|-33 11.4|0.075|-29.25||15|1904|6.0||
|NGC 6613|18 19 59|-17 06.6|0.19|-14.00|4.49|82|1213|7.705|0.067|
|NGC 6618|18 20 35|-16 09.0|0.29|-4.00||50|1308|6.0||
|NGC 6611|18 18 41|-13 46.8|0.24|18.00|0.58|52|1646|6.33||
|NGC 2244|06 31 55|+04 56.4|0.365|26.16|3.37|236|1532|6.7||
|Czernik 11|02 36 35|+59 38.0|0.13|||98|1500|8.555|0.056|
|DBSB 103|16 40 03|-48 46.6|0.065|-35.00||16|1449|7.2||
|Collinder 33|02 59 16|+60 18.0|0.24|18.00||355|1100|8.347||
|NGC 6250|16 57 58|-45 57.0|0.255|-8.04|0.81|382|940|7.42||
|NGC 7380|22 47 20|+58 05.7|0.26|-34.13|6.09|350|1800|7.25||
|DBSB 104|17 03 59|-51 05.4|0.11|||65|813|8.37||
|BDSB 13|19 24 32|+20 47.7|0.085|||63|1735|7.4||
|NGC 2068|05 46 43|+00 06.0|0.14|63.30|7.30|9|747|6.45||
|NGC 2071|05 47 10|+00 18.0|0.14|63.70|0.35|16|953|6.55||
|Collinder 428|21 03 04|+44 33.6|0.11|||80|1185|8.855||
|NGC 6997|20 56 31|+44 36.6|0.2|||215|741|8.9||
|vdBergh 85|06 46 55|+01 19.5|0.13|||85|1893|7.685||
|NGC 2579|08 20 44|-36 11.8|0.09|1.65|0.44|47|1221|8.6||
|NGC 6334|17 20 51|-36 06.9|0.245|-1.60||173|1132|8.32|0.062|
|vdBergh-Hagen 223|17 20 41|-35 53.0|0.07|||15|895|8.45||
|Pismis 24|17 25 34|-34 24.0|0.09|||13|1481|6.0||
|NGC 6357|17 24 41|-34 12.8|0.11|-8.00||29|1773|6.0||
|Collinder 197|08 44 51|-41 14.0|0.22|33.10|3.20|132|881|7.2||
|L 1641S|05 42 29|-08 09.0|0.41|||21|497|6.62||
|KMS 35|05 37 54|-06 57.4|0.095|||7|636|6.6||
|NGC 2183|06 10 48|-06 12.0|0.39|10.30||164|1047|7.15||
|NGC 1980|05 35 28|-05 54.9|0.23|25.34|2.10|52|520|6.67||
|NGC 1976|05 35 19|-05 21.6|0.435|28.94|2.72|44|458|6.0||
|NGC 1977|05 35 33|-04 49.8|0.235|26.45|2.05|24|358|6.6||
|NGC 1981|05 35 06|-04 25.2|0.22|27.94|2.40|31|388|7.11|0.001|
|BIP 14|08 15 07|-04 04.5|0.155|||38|1609|8.095||
|Stock 8|05 28 08|+34 25.4|0.28|-6.40|2.50|377|1731|7.05||
|NGC 1579|04 30 11|+35 16.7|0.42|||50|730|6.58||
|NGC 2175|06 09 41|+20 30.3|0.15|22.00|7.70|53|1636|7.0||
|BDSB 96|07 05 19|-12 19.5|0.15|||46|1401|7.16||
|Pismis 4|08 34 41|-44 29.7|0.15|27.24|0.92|64|575|8.155||
|vdBergh 92|07 04 05|-11 31.8|0.25|17.50|0.29|169|1570|7.36|0.343|
|DBSB 116|17 09 36|-41 35.7|0.075|-26.92||20|1669|6.0||
|DBSB 50|10 13 40|-59 01.3|0.07|||52|1634|7.5||
|Loden 165|10 35 56|-58 44.0|0.115|||75|1330|8.25||
|LDN 1495W|04 14 33|+28 29.4|0.55|12.30|2.50|76|1306|8.2||
|vdBergh-Hagen 245|17 46 16|-29 42.0|0.19|||72|1699|6.67||
|Collinder 347|17 46 23|-29 19.5|0.13|||28|1852|6.6||
|NGC 1333|03 28 55|+31 22.2|0.57|||35|324|6.8||
|Grasdalen 1|16 23 40|-24 27.3|0.195|||35|1762|7.9||
|NGC 6530|18 04 30|-24 21.6|0.2|-6.49|8.67|46|1365|6.67||
|Bochum 14|18 02 00|-23 42.3|0.167|||40|538|7.1||
|Collinder 367|18 09 38|-23 42.0|0.315|-3.17|4.03|179|1170|7.295||
|NGC 6514|18 02 35|-22 59.7|0.265|-2.13|1.62|102|1093|6.9||
|NGC 2264|06 40 59|+09 52.8|0.39|20.69|1.53|185|650|6.75||
|Collinder 95|06 31 05|+09 54.6|0.17|-11.00|7.40|50|635|7.3||
|IC 446|06 31 02|+10 26.1|0.18|||89|1871|7.3||
|B 30|05 31 57|+12 24.6|0.32|||36|772|6.0||
|DBSB 47|10 15 38|-60 18.6|0.075|||28|1669|7.65||
|Sco OB4|17 12 36|-33 21.3|0.785|-9.37|5.15|2868|1082|6.82||
|NGC 6383|17 34 44|-32 34.6|0.225|2.67|2.17|77|1184|6.6||
|Sgr OB6|18 11 32|-16 00.0|0.31|-7.30|1.23|403|1594|7.5||
|Sct OB3|18 24 47|-14 12.0|0.21|3.30|17.00|146|1475|6.1||
|ASCC 111|20 11 06|+37 27.9|0.48|-14.49|6.96|501|1580|6.65||
|ASCC 122|22 33 31|+39 34.7|0.565|-8.17|4.15|189|700|7.7||
|Cyg OB2|20 33 16|+41 19.2|0.425|-20.85|2.11|904|1593|6.72||
|ASCC 125|22 56 29|+62 43.3|0.55|-18.69|2.70|701|569|6.7||
|Cep OB3|23 03 56|+63 23.4|0.59|-21.67|2.03|866|668|7.75||
|ASCC 21|05 29 02|+03 33.6|0.85|19.94|1.14|232|379|7.11||
|Cep OB4|00 02 56|+67 30.0|0.76|0.00||654|850|6.1||
|DBSB 101|16 10 34|-49 00.8|0.115|-39.00|1.00|130|1076|8.05||
|NGC 5460|14 07 34|-48 19.8|0.38|-12.31|2.18|272|652|8.3||
|ASCC 3|00 31 05|+55 16.5|0.24|-37.00|7.40|284|1550|7.729|0.033|
|Cep OB5|23 02 16|+57 01.3|0.3|-5.93||761|1819|7.5||
|Alessi 8|15 29 28|-51 15.3|0.26|||200|715|8.105||
|Collinder 258|12 27 14|-60 46.5|0.195|14.90|0.93|318|1278|8.35||
|Sgr OB7|18 14 53|-20 19.2|0.48|-7.19|3.14|592|1481|6.45||
|Collinder 70|05 35 47|-00 52.8|0.88|19.87|2.19|411|379|7.4||
|Berkeley 14A|05 00 38|+43 33.9|0.46|2.50|2.93|205|1100|6.97||
|vdBergh-Hagen 23|08 13 59|-36 20.0|0.32|17.40|0.60|123|414|7.14||
|Pup OB3|08 16 57|-35 52.0|0.34|47.27|0.45|175|1768|6.4||
|vdBergh-Hagen 202|16 55 11|-40 56.4|0.11|||138|1130|7.6||
|ESO 332-11|16 56 06|-40 46.8|0.1|||96|1841|7.1||
|ESO 332-08|16 54 47|-40 42.9|0.18|||300|965|8.17||
|vdBergh-Hagen 205|16 56 09|-40 40.8|0.09|-7.00|0.01|51|1536|7.12||
|NGC 6242|16 55 34|-39 27.6|0.215|-7.08|0.31|516|1184|7.55||
|Per OB2|03 51 02|+35 06.0|3.2|23.05|2.08|4262|400|7.355||
|NGC 6322|17 18 27|-42 55.8|0.145|-57.00|35.90|101|1089|7.16||
|NGC 6231|16 54 14|-41 49.8|0.4|-28.49|2.50|1207|1393|7.05||
|ASCC 86|17 02 15|-58 58.2|0.5|-6.00|3.70|466|738|8.05||
|NGC 6087|16 18 50|-57 56.4|0.32|-13.69|7.50|379|889|7.95||
|NGC 5662|14 35 35|-56 36.9|0.245|-23.20|1.00|251|625|8.275|0.090|
|Harvard 10|16 18 56|-54 55.2|0.38|-18.17|1.94|711|1441|7.97||
|Collinder 121|06 54 34|-24 19.5|0.475|31.35|3.95|205|1096|7.08||
|Cir OB1|14 45 00|-62 55.5|0.35|-10.00|5.90|644|1783|6.8||
|ASCC 89|17 23 20|-62 39.0|0.75|12.30|8.30|272|567|7.0||
|Stock 16|13 18 47|-62 30.6|0.185|-41.80|8.79|113|1630|6.78||
|Loden 694|12 53 04|-60 44.1|0.25|-23.00|7.40|303|1527|7.38||
|NGC 6025|16 03 16|-60 24.0|0.345|-3.40|7.40|523|763|8.18||
|NGC 4755|12 53 38|-60 22.5|0.225|-14.25|3.15|110|1971|7.3||
|NGC 2358|07 17 01|-17 09.3|0.3|||73|739|8.785||
|Roslund 6|20 28 34|+39 12.3|0.27|||43|544|8.67||
|Platais 6|06 15 04|+03 51.0|1.3|25.50|7.52|847|347|7.96|0.006|
|ASCC 123|22 42 23|+54 15.0|1.0|-6.46|6.49|121|250|8.191||
|NGC 6991A|20 54 27|+47 28.0|0.445|-6.00||116|565|9.055|0.033|
|NGC 7058|21 21 41|+50 49.2|0.15|||47|404|8.35||
|Turner 5|09 33 16|-36 24.6|0.9|11.41|2.69|401|400|8.49||
|NGC 2306|06 54 25|-07 12.3|0.22|||169|1249|9.0||
|ASCC 24|06 28 44|-06 58.8|0.29|16.35|3.31|29|381|7.3||
|Platais 9|09 11 49|-43 31.8|2.1|17.83|1.48|2277|200|8.09||
|Platais 5|06 14 42|-22 30.0|2.07|30.90||401|272|7.78||
